CREATE DATABASE  IF NOT EXISTS `hnfnuzyw` /*!40100 DEFAULT CHARACTER SET utf8 */;
USE `hnfnuzyw`;
-- MySQL dump 10.13  Distrib 5.6.11, for Win32 (x86)
--
-- Host: 125.221.193.205    Database: hnfnuzyw
-- ------------------------------------------------------
-- Server version	5.6.11

/*!40101 SET @OLD_CHARACTER_SET_CLIENT=@@CHARACTER_SET_CLIENT */;
/*!40101 SET @OLD_CHARACTER_SET_RESULTS=@@CHARACTER_SET_RESULTS */;
/*!40101 SET @OLD_COLLATION_CONNECTION=@@COLLATION_CONNECTION */;
/*!40101 SET NAMES utf8 */;
/*!40103 SET @OLD_TIME_ZONE=@@TIME_ZONE */;
/*!40103 SET TIME_ZONE='+00:00' */;
/*!40014 SET @OLD_UNIQUE_CHECKS=@@UNIQUE_CHECKS, UNIQUE_CHECKS=0 */;
/*!40014 SET @OLD_FOREIGN_KEY_CHECKS=@@FOREIGN_KEY_CHECKS, FOREIGN_KEY_CHECKS=0 */;
/*!40101 SET @OLD_SQL_MODE=@@SQL_MODE, SQL_MODE='NO_AUTO_VALUE_ON_ZERO' */;
/*!40111 SET @OLD_SQL_NOTES=@@SQL_NOTES, SQL_NOTES=0 */;

--
-- Table structure for table `f_news`
--

DROP TABLE IF EXISTS `f_news`;
/*!40101 SET @saved_cs_client     = @@character_set_client */;
/*!40101 SET character_set_client = utf8 */;
CREATE TABLE `f_news` (
  `id` int(11) NOT NULL AUTO_INCREMENT COMMENT '主键',
  `title` varchar(80) NOT NULL COMMENT '标题',
  `content` text NOT NULL COMMENT '正文',
  `date` date DEFAULT NULL COMMENT '日期',
  `createUserId` int(11) NOT NULL COMMENT '创建者用户id',
  `priority` int(11) DEFAULT NULL COMMENT '优先级，默认为0',
  PRIMARY KEY (`id`)
) ENGINE=InnoDB AUTO_INCREMENT=18 DEFAULT CHARSET=utf8 COMMENT='新闻管理类';
/*!40101 SET character_set_client = @saved_cs_client */;

--
-- Dumping data for table `f_news`
--

LOCK TABLES `f_news` WRITE;
/*!40000 ALTER TABLE `f_news` DISABLE KEYS */;
INSERT INTO `f_news` VALUES (16,'2','<p style=\"line-height: 16px;\"><img src=\"/hnfnuzyw/ueditor/dialogs/attachment/fileTypeImages/icon_doc.gif\"/><a href=\"/hnfnuzyw/ueditor/jsp/upload/20131124/25091385294761984.docx\">2013.11.08_资源管理系统修改意见.docx</a></p><p><br/></p>','2013-11-24',0,NULL),(17,'sdfsd','<p>dfgdgdf</p>','2013-11-24',6,NULL);
/*!40000 ALTER TABLE `f_news` ENABLE KEYS */;
UNLOCK TABLES;

--
-- Table structure for table `f_pictures`
--

DROP TABLE IF EXISTS `f_pictures`;
/*!40101 SET @saved_cs_client     = @@character_set_client */;
/*!40101 SET character_set_client = utf8 */;
CREATE TABLE `f_pictures` (
  `id` int(11) NOT NULL AUTO_INCREMENT,
  `src` varchar(100) NOT NULL COMMENT '图片的路径',
  `link` varchar(100) NOT NULL COMMENT '点击图片的链接',
  `display` tinyint(4) NOT NULL DEFAULT '1' COMMENT '是否显示',
  `createDate` date DEFAULT NULL COMMENT '创建日期',
  `createUserId` int(11) DEFAULT NULL COMMENT '创建人id',
  `createUserName` varchar(45) DEFAULT NULL COMMENT '创建人名字',
  `remark` text COMMENT '备注',
  PRIMARY KEY (`id`)
) ENGINE=InnoDB AUTO_INCREMENT=31 DEFAULT CHARSET=utf8;
/*!40101 SET character_set_client = @saved_cs_client */;

--
-- Dumping data for table `f_pictures`
--

LOCK TABLES `f_pictures` WRITE;
/*!40000 ALTER TABLE `f_pictures` DISABLE KEYS */;
INSERT INTO `f_pictures` VALUES (21,'20140101120729101.jpg','http://www.verycd.com/',1,'2014-01-01',6,'管理员',''),(22,'2014010112080090aa93a1e82b2b5e199654664d4cbd8ab.jpg','http://www.verycd.com/',1,'2014-01-01',6,'管理员',''),(23,'2014010112081823.jpg','http://www.verycd.com/',1,'2014-01-01',6,'管理员',''),(24,'2014010112082834.jpg','http://www.verycd.com/',1,'2014-01-01',6,'管理员',''),(25,'2014010112083545.jpg','http://www.verycd.com/',1,'2014-01-01',6,'管理员',''),(26,'2014010112084286.jpg','http://www.verycd.com/',1,'2014-01-01',6,'管理员',''),(27,'2014010112084887.jpg','http://www.verycd.com/',0,'2014-01-01',6,'管理员',''),(28,'2014010309130231.jpg','http://www.verycd.com/',0,'2014-01-03',6,'管理员',''),(29,'2014010309194961.jpg','http://www.verycd.com/',0,'2014-01-03',6,'管理员',''),(30,'2014010309232451.jpg','http://www.verycd.com/',1,'2014-01-03',6,'管理员','');
/*!40000 ALTER TABLE `f_pictures` ENABLE KEYS */;
UNLOCK TABLES;

--
-- Table structure for table `l_user_operate`
--

DROP TABLE IF EXISTS `l_user_operate`;
/*!40101 SET @saved_cs_client     = @@character_set_client */;
/*!40101 SET character_set_client = utf8 */;
CREATE TABLE `l_user_operate` (
  `id` int(11) NOT NULL AUTO_INCREMENT,
  `userId` int(11) DEFAULT NULL,
  `menuId` int(11) DEFAULT NULL,
  PRIMARY KEY (`id`)
) ENGINE=InnoDB AUTO_INCREMENT=5019 DEFAULT CHARSET=utf8;
/*!40101 SET character_set_client = @saved_cs_client */;

--
-- Dumping data for table `l_user_operate`
--

LOCK TABLES `l_user_operate` WRITE;
/*!40000 ALTER TABLE `l_user_operate` DISABLE KEYS */;
INSERT INTO `l_user_operate` VALUES (1,6,48),(2,6,48),(3,6,47),(4,6,46),(5,6,48),(6,6,48),(7,6,47),(8,6,47),(9,6,48),(10,6,47),(11,6,47),(12,6,46),(13,6,48),(14,6,48),(15,6,47),(16,6,46),(17,6,48),(18,6,47),(19,6,63),(20,6,46),(21,6,48),(22,6,63),(23,6,47),(24,6,46),(25,6,48),(26,6,47),(27,6,47),(28,6,46),(29,6,48),(30,6,63),(31,6,47),(32,6,46),(33,6,48),(34,6,48),(35,6,47),(36,6,46),(37,6,48),(38,6,47),(39,6,51),(40,6,46),(41,6,48),(42,6,47),(43,6,47),(44,6,46),(45,6,47),(46,6,48),(47,6,48),(48,6,47),(49,6,46),(50,6,48),(51,6,48),(52,6,47),(53,6,46),(54,6,48),(55,6,47),(56,6,47),(57,6,46),(58,6,48),(59,6,47),(60,6,46),(61,6,55),(62,6,48),(63,6,48),(64,6,47),(65,6,46),(66,6,48),(67,6,47),(68,6,46),(69,6,47),(70,6,48),(71,6,48),(72,6,47),(73,6,46),(74,6,48),(75,6,47),(76,6,48),(77,6,46),(78,6,48),(79,6,47),(80,6,46),(81,6,55),(82,6,48),(83,6,47),(84,6,46),(85,6,48),(86,6,47),(87,6,46),(88,6,48),(89,6,48),(90,6,47),(91,6,47),(92,6,46),(93,6,65),(94,6,66),(95,6,48),(96,6,47),(97,6,47),(98,6,46),(99,6,47),(100,6,49),(101,6,47),(102,6,48),(103,6,47),(104,6,46),(105,6,48),(106,6,47),(107,6,46),(108,6,48),(109,6,48),(110,6,47),(111,6,46),(112,6,63),(113,6,49),(114,6,48),(115,6,48),(116,6,47),(117,6,46),(118,6,48),(119,6,47),(120,6,46),(121,6,46),(122,6,48),(123,6,47),(124,6,46),(125,6,55),(126,6,53),(127,6,55),(128,6,55),(129,6,55),(130,6,66),(131,6,55),(132,6,55),(133,6,55),(134,6,55),(135,6,55),(136,6,48),(137,6,47),(138,6,46),(139,6,55),(140,6,55),(141,6,55),(142,6,55),(143,6,55),(144,6,55),(145,6,55),(146,6,55),(147,6,53),(148,6,48),(149,6,47),(150,6,46),(151,6,55),(152,6,55),(153,6,55),(154,6,55),(155,6,48),(156,6,47),(157,6,46),(158,6,55),(159,6,55),(160,6,55),(161,6,55),(162,6,55),(163,6,55),(164,6,48),(165,6,47),(166,6,46),(167,6,65),(168,6,48),(169,6,47),(170,6,46),(171,6,55),(172,6,55),(173,6,55),(174,6,55),(175,6,48),(176,6,47),(177,6,46),(178,6,55),(179,6,55),(180,6,55),(181,6,55),(182,6,48),(183,6,47),(184,6,46),(185,6,55),(186,6,55),(187,6,55),(188,6,55),(189,6,55),(190,6,55),(191,6,55),(192,6,55),(193,6,55),(194,6,48),(195,6,57),(196,6,47),(197,6,46),(198,6,57),(199,6,55),(200,6,55),(201,6,48),(202,6,57),(203,6,47),(204,6,46),(205,6,57),(206,6,48),(207,6,47),(208,6,46),(209,6,48),(210,6,57),(211,6,47),(212,6,46),(213,6,48),(214,6,57),(215,6,47),(216,6,46),(217,6,48),(218,6,57),(219,6,47),(220,6,46),(221,6,48),(222,6,57),(223,6,47),(224,6,46),(225,6,48),(226,6,57),(227,6,47),(228,6,46),(229,6,48),(230,6,57),(231,6,47),(232,6,46),(233,6,48),(234,6,47),(235,6,57),(236,6,46),(237,6,48),(238,6,57),(239,6,47),(240,6,46),(241,6,55),(242,6,57),(243,6,55),(244,6,55),(245,6,55),(246,6,55),(247,6,55),(248,6,55),(249,6,57),(250,6,55),(251,6,55),(252,6,55),(253,6,55),(254,6,48),(255,6,57),(256,6,47),(257,6,46),(258,6,48),(259,6,57),(260,6,47),(261,6,46),(262,6,48),(263,6,57),(264,6,47),(265,6,46),(266,6,57),(267,6,48),(268,6,47),(269,6,46),(270,6,48),(271,6,57),(272,6,47),(273,6,46),(274,6,57),(275,6,48),(276,6,47),(277,6,46),(278,6,48),(279,6,47),(280,6,57),(281,6,46),(282,6,48),(283,6,57),(284,6,47),(285,6,46),(286,6,48),(287,6,57),(288,6,47),(289,6,46),(290,6,57),(291,6,48),(292,6,47),(293,6,46),(294,6,48),(295,6,57),(296,6,47),(297,6,46),(298,6,48),(299,6,57),(300,6,47),(301,6,46),(302,6,57),(303,6,48),(304,6,47),(305,6,46),(306,6,48),(307,6,57),(308,6,47),(309,6,46),(310,6,48),(311,6,47),(312,6,46),(313,6,57),(314,6,57),(315,6,48),(316,6,47),(317,6,46),(318,6,48),(319,6,57),(320,6,47),(321,6,46),(322,6,48),(323,6,57),(324,6,47),(325,6,46),(326,6,48),(327,6,47),(328,6,46),(329,6,55),(330,6,53),(331,6,48),(332,6,57),(333,6,47),(334,6,57),(335,6,46),(336,6,48),(337,6,57),(338,6,47),(339,6,57),(340,6,46),(341,6,57),(342,6,55),(343,6,55),(344,6,55),(345,6,55),(346,6,57),(347,6,55),(348,6,57),(349,6,57),(350,6,57),(351,6,57),(352,6,57),(353,6,57),(354,6,57),(355,6,55),(356,6,55),(357,6,55),(358,6,57),(359,6,55),(360,6,57),(361,6,57),(362,6,48),(363,6,57),(364,6,47),(365,6,57),(366,6,46),(367,6,57),(368,6,57),(369,6,57),(370,6,57),(371,6,57),(372,6,57),(373,6,48),(374,6,57),(375,6,47),(376,6,57),(377,6,46),(378,6,57),(379,6,57),(380,6,48),(381,6,57),(382,6,47),(383,6,46),(384,6,57),(385,6,48),(386,6,57),(387,6,47),(388,6,57),(389,6,46),(390,6,48),(391,6,57),(392,6,47),(393,6,57),(394,6,46),(395,6,48),(396,6,47),(397,6,57),(398,6,46),(399,6,57),(400,6,48),(401,6,57),(402,6,47),(403,6,57),(404,6,46),(405,6,48),(406,6,47),(407,6,46),(408,6,57),(409,6,57),(410,6,48),(411,6,57),(412,6,47),(413,6,57),(414,6,46),(415,6,57),(416,6,57),(417,6,48),(418,6,57),(419,6,47),(420,6,57),(421,6,46),(422,6,57),(423,6,57),(424,6,57),(425,6,57),(426,6,48),(427,6,57),(428,6,47),(429,6,46),(430,6,48),(431,6,57),(432,6,47),(433,6,46),(434,6,66),(435,6,66),(436,6,66),(437,6,66),(438,6,66),(439,6,66),(440,6,66),(441,6,66),(442,6,48),(443,6,57),(444,6,47),(445,6,46),(446,6,48),(447,6,47),(448,6,46),(449,6,55),(450,6,53),(451,6,57),(452,6,48),(453,6,47),(454,6,46),(455,6,57),(456,6,48),(457,6,47),(458,6,46),(459,6,48),(460,6,47),(461,6,46),(462,6,57),(463,6,48),(464,6,57),(465,6,47),(466,6,46),(467,6,48),(468,6,57),(469,6,47),(470,6,46),(471,6,48),(472,6,57),(473,6,47),(474,6,46),(475,6,48),(476,6,57),(477,6,47),(478,6,46),(479,6,48),(480,6,57),(481,6,47),(482,6,46),(483,6,48),(484,6,57),(485,6,47),(486,6,46),(487,6,57),(488,6,48),(489,6,57),(490,6,47),(491,6,46),(492,6,57),(493,6,57),(494,6,48),(495,6,57),(496,6,47),(497,6,46),(498,6,48),(499,6,57),(500,6,47),(501,6,46),(502,6,48),(503,6,57),(504,6,47),(505,6,46),(506,6,48),(507,6,57),(508,6,47),(509,6,46),(510,6,48),(511,6,57),(512,6,47),(513,6,46),(514,6,48),(515,6,47),(516,6,46),(517,6,55),(518,6,48),(519,6,57),(520,6,47),(521,6,46),(522,6,48),(523,6,57),(524,6,47),(525,6,46),(526,6,48),(527,6,57),(528,6,47),(529,6,46),(530,6,48),(531,6,47),(532,6,57),(533,6,46),(534,6,48),(535,6,57),(536,6,47),(537,6,46),(538,6,48),(539,6,57),(540,6,47),(541,6,46),(542,6,48),(543,6,57),(544,6,47),(545,6,46),(546,6,66),(547,6,66),(548,6,66),(549,6,48),(550,6,57),(551,6,47),(552,6,46),(553,6,48),(554,6,47),(555,6,46),(556,6,65),(557,6,48),(558,6,47),(559,6,46),(560,6,48),(561,6,47),(562,6,46),(563,6,66),(564,6,48),(565,6,57),(566,6,47),(567,6,46),(568,6,66),(569,6,66),(570,6,66),(571,6,66),(572,6,66),(573,6,66),(574,6,66),(575,6,57),(576,6,48),(577,6,47),(578,6,46),(579,6,48),(580,6,47),(581,6,57),(582,6,46),(583,6,48),(584,6,47),(585,6,57),(586,6,46),(587,6,48),(588,6,47),(589,6,57),(590,6,46),(591,6,57),(592,6,48),(593,6,57),(594,6,47),(595,6,46),(596,6,57),(597,6,48),(598,6,57),(599,6,47),(600,6,46),(601,6,48),(602,6,47),(603,6,46),(604,6,55),(605,6,55),(606,6,53),(607,6,48),(608,6,47),(609,6,57),(610,6,46),(611,6,48),(612,6,57),(613,6,47),(614,6,46),(615,6,48),(616,6,47),(617,6,57),(618,6,46),(619,6,48),(620,6,57),(621,6,47),(622,6,46),(623,6,48),(624,6,47),(625,6,57),(626,6,46),(627,6,48),(628,6,47),(629,6,57),(630,6,46),(631,6,57),(632,6,57),(633,6,48),(634,6,47),(635,6,46),(636,6,48),(637,6,48),(638,6,48),(639,6,48),(640,6,48),(641,6,47),(642,6,46),(643,6,57),(644,6,57),(645,6,57),(646,6,48),(647,6,57),(648,6,47),(649,6,46),(650,6,57),(651,6,57),(652,6,48),(653,6,47),(654,6,57),(655,6,46),(656,6,57),(657,6,57),(658,6,57),(659,6,57),(660,6,63),(661,6,48),(662,6,47),(663,6,46),(664,6,48),(665,6,57),(666,6,47),(667,6,46),(668,6,57),(669,6,57),(670,6,48),(671,6,47),(672,6,46),(673,6,48),(674,6,47),(675,6,57),(676,6,46),(677,6,55),(678,6,57),(679,6,57),(680,6,57),(681,6,57),(682,6,57),(683,6,48),(684,6,57),(685,6,47),(686,6,46),(687,6,57),(688,6,57),(689,6,48),(690,6,47),(691,6,48),(692,6,46),(693,6,48),(694,6,48),(695,6,48),(696,6,57),(697,6,48),(698,6,47),(699,6,46),(700,6,57),(701,6,57),(702,6,48),(703,6,57),(704,6,47),(705,6,46),(706,6,48),(707,6,48),(708,6,47),(709,6,46),(710,6,57),(711,6,57),(712,6,48),(713,6,48),(714,6,48),(715,6,48),(716,6,48),(717,6,48),(718,6,48),(719,6,47),(720,6,46),(721,6,48),(722,6,48),(723,6,47),(724,6,46),(725,6,48),(726,6,48),(727,6,48),(728,6,48),(729,6,48),(730,6,47),(731,6,46),(732,6,48),(733,6,47),(734,6,46),(735,6,47),(736,6,47),(737,6,47),(738,6,46),(739,6,48),(740,6,57),(741,6,47),(742,6,46),(743,6,48),(744,6,57),(745,6,47),(746,6,46),(747,6,57),(748,6,57),(749,6,48),(750,6,47),(751,6,47),(752,6,46),(753,6,48),(754,6,47),(755,6,47),(756,6,46),(757,6,47),(758,6,48),(759,6,48),(760,6,47),(761,6,46),(762,6,48),(763,6,47),(764,6,57),(765,6,46),(766,6,48),(767,6,47),(768,6,57),(769,6,46),(770,6,47),(771,6,46),(772,6,48),(773,6,57),(774,6,47),(775,6,46),(776,6,48),(777,6,47),(778,6,57),(779,6,46),(780,6,57),(781,6,48),(782,6,47),(783,6,46),(784,6,57),(785,6,48),(786,6,47),(787,6,46),(788,6,57),(789,6,57),(790,6,57),(791,6,57),(792,6,57),(793,6,57),(794,6,57),(795,6,57),(796,6,57),(797,6,57),(798,6,57),(799,6,57),(800,6,57),(801,6,57),(802,6,57),(803,6,57),(804,6,57),(805,6,57),(806,6,57),(807,6,57),(808,6,57),(809,6,57),(810,6,57),(811,6,57),(812,6,48),(813,6,47),(814,6,46),(815,6,48),(816,6,47),(817,6,57),(818,6,46),(819,6,57),(820,6,48),(821,6,57),(822,6,47),(823,6,46),(824,6,57),(825,6,48),(826,6,57),(827,6,47),(828,6,46),(829,6,57),(830,6,48),(831,6,57),(832,6,47),(833,6,46),(834,6,57),(835,6,57),(836,6,57),(837,6,57),(838,6,48),(839,6,57),(840,6,47),(841,6,46),(842,6,48),(843,6,57),(844,6,47),(845,6,46),(846,6,57),(847,6,57),(848,6,57),(849,6,57),(850,6,48),(851,6,57),(852,6,47),(853,6,46),(854,6,48),(855,6,47),(856,6,57),(857,6,46),(858,6,48),(859,6,57),(860,6,47),(861,6,46),(862,6,57),(863,6,48),(864,6,47),(865,6,46),(866,6,57),(867,6,57),(868,6,48),(869,6,47),(870,6,46),(871,6,57),(872,6,48),(873,6,47),(874,6,46),(875,6,55),(876,6,48),(877,6,47),(878,6,46),(879,6,66),(880,6,48),(881,6,47),(882,6,46),(883,6,65),(884,6,48),(885,6,47),(886,6,46),(887,6,48),(888,6,47),(889,6,46),(890,6,46),(891,6,46),(892,6,46),(893,6,46),(894,6,48),(895,6,57),(896,6,47),(897,6,46),(898,6,48),(899,6,47),(900,6,46),(901,6,55),(902,6,48),(903,6,57),(904,6,47),(905,6,46),(906,6,48),(907,6,57),(908,6,47),(909,6,46),(910,6,57),(911,6,48),(912,6,57),(913,6,47),(914,6,46),(915,6,48),(916,6,57),(917,6,47),(918,6,46),(919,6,57),(920,6,48),(921,6,57),(922,6,47),(923,6,46),(924,6,57),(925,6,57),(926,6,57),(927,6,57),(928,6,66),(929,6,48),(930,6,47),(931,6,46),(932,6,55),(933,6,55),(934,6,55),(935,6,55),(936,6,55),(937,6,55),(938,6,55),(939,6,48),(940,6,48),(941,6,47),(942,6,46),(943,6,48),(944,6,48),(945,6,48),(946,6,48),(947,6,47),(948,6,46),(949,6,48),(950,6,48),(951,6,48),(952,6,48),(953,6,48),(954,6,48),(955,6,48),(956,6,48),(957,6,48),(958,6,48),(959,6,48),(960,6,48),(961,6,48),(962,6,47),(963,6,48),(964,6,47),(965,6,48),(966,28,48),(967,28,47),(968,28,46),(969,28,55),(970,28,55),(971,28,55),(972,28,55),(973,28,55),(974,28,55),(975,28,55),(976,28,55),(977,28,55),(978,28,55),(979,28,55),(980,28,55),(981,28,55),(982,28,55),(983,28,55),(984,28,48),(985,28,47),(986,28,46),(987,28,47),(988,28,47),(989,28,46),(990,28,47),(991,28,47),(992,28,46),(993,28,47),(994,28,46),(995,28,48),(996,28,47),(997,28,47),(998,28,46),(999,28,48),(1000,28,48),(1001,28,47),(1002,28,46),(1003,28,48),(1004,28,48),(1005,28,48),(1006,28,47),(1007,28,48),(1008,28,47),(1009,28,48),(1010,28,48),(1011,28,47),(1012,28,46),(1013,28,55),(1014,28,53),(1015,28,55),(1016,28,55),(1017,28,55),(1018,28,55),(1019,28,55),(1020,6,48),(1021,6,48),(1022,6,47),(1023,6,46),(1024,6,48),(1025,6,48),(1026,6,48),(1027,6,47),(1028,6,46),(1029,6,55),(1030,6,55),(1031,34,48),(1032,34,47),(1033,34,46),(1034,34,55),(1035,6,48),(1036,6,48),(1037,6,47),(1038,6,46),(1039,6,48),(1040,6,48),(1041,6,48),(1042,6,47),(1043,6,46),(1044,6,48),(1045,6,47),(1046,6,46),(1047,6,55),(1048,6,53),(1049,6,55),(1050,6,55),(1051,6,48),(1052,6,47),(1053,6,46),(1054,6,55),(1055,6,53),(1056,6,55),(1057,6,53),(1058,6,55),(1059,6,55),(1060,6,55),(1061,6,48),(1062,6,47),(1063,6,46),(1064,6,55),(1065,6,53),(1066,6,55),(1067,6,55),(1068,6,48),(1069,6,47),(1070,6,57),(1071,6,46),(1072,6,48),(1073,6,63),(1074,6,47),(1075,6,46),(1076,6,48),(1077,6,47),(1078,6,48),(1079,6,46),(1080,6,48),(1081,6,47),(1082,6,46),(1083,6,47),(1084,6,48),(1085,6,47),(1086,6,57),(1087,6,46),(1088,6,48),(1089,6,47),(1090,6,46),(1091,6,48),(1092,6,46),(1093,6,47),(1094,6,46),(1095,6,46),(1096,6,46),(1097,6,46),(1098,6,48),(1099,6,47),(1100,6,47),(1101,6,46),(1102,6,47),(1103,6,46),(1104,6,47),(1105,6,46),(1106,6,48),(1107,6,47),(1108,6,48),(1109,6,46),(1110,6,48),(1111,6,47),(1112,6,63),(1113,6,46),(1114,6,48),(1115,6,48),(1116,6,47),(1117,6,46),(1118,6,48),(1119,6,47),(1120,6,46),(1121,6,48),(1122,6,48),(1123,6,47),(1124,6,46),(1125,6,48),(1126,6,47),(1127,6,47),(1128,6,46),(1129,6,47),(1130,6,46),(1131,6,47),(1132,6,46),(1133,6,48),(1134,6,48),(1135,6,47),(1136,6,46),(1137,6,48),(1138,6,47),(1139,6,46),(1140,6,48),(1141,6,46),(1142,6,47),(1143,6,46),(1144,6,46),(1145,6,46),(1146,6,46),(1147,6,48),(1148,6,47),(1149,6,48),(1150,6,46),(1151,6,48),(1152,6,47),(1153,6,47),(1154,6,46),(1155,6,47),(1156,6,46),(1157,6,47),(1158,6,46),(1159,6,48),(1160,6,48),(1161,6,47),(1162,6,46),(1163,6,48),(1164,6,48),(1165,6,47),(1166,6,46),(1167,6,48),(1168,6,47),(1169,6,46),(1170,6,46),(1171,6,48),(1172,6,47),(1173,6,46),(1174,6,46),(1175,6,46),(1176,6,46),(1177,6,48),(1178,6,47),(1179,6,46),(1180,6,46),(1181,6,48),(1182,6,47),(1183,6,46),(1184,6,48),(1185,6,48),(1186,6,57),(1187,6,47),(1188,6,46),(1189,6,48),(1190,6,48),(1191,6,47),(1192,6,46),(1193,6,48),(1194,6,48),(1195,6,47),(1196,6,46),(1197,6,48),(1198,6,47),(1199,6,48),(1200,6,46),(1201,6,48),(1202,6,48),(1203,6,47),(1204,6,46),(1205,6,48),(1206,6,47),(1207,6,46),(1208,6,48),(1209,6,48),(1210,6,47),(1211,6,48),(1212,6,46),(1213,6,48),(1214,6,48),(1215,6,47),(1216,6,46),(1217,6,48),(1218,6,47),(1219,6,46),(1220,6,48),(1221,6,48),(1222,6,48),(1223,6,47),(1224,6,46),(1225,6,48),(1226,6,48),(1227,6,48),(1228,6,47),(1229,6,57),(1230,6,46),(1231,6,48),(1232,6,47),(1233,6,46),(1234,6,48),(1235,6,48),(1236,6,48),(1237,6,47),(1238,6,46),(1239,6,48),(1240,6,48),(1241,6,48),(1242,6,47),(1243,6,46),(1244,6,48),(1245,6,48),(1246,6,48),(1247,6,47),(1248,6,46),(1249,6,48),(1250,6,48),(1251,6,48),(1252,6,48),(1253,6,47),(1254,6,46),(1255,6,48),(1256,6,48),(1257,6,48),(1258,6,63),(1259,6,47),(1260,6,46),(1261,6,48),(1262,6,48),(1263,6,48),(1264,6,47),(1265,6,46),(1266,6,48),(1267,6,48),(1268,6,48),(1269,6,47),(1270,6,46),(1271,6,48),(1272,6,48),(1273,6,48),(1274,6,48),(1275,6,47),(1276,6,46),(1277,6,48),(1278,6,48),(1279,6,57),(1280,6,48),(1281,6,47),(1282,6,46),(1283,6,48),(1284,6,47),(1285,6,46),(1286,6,48),(1287,6,48),(1288,6,48),(1289,6,48),(1290,6,47),(1291,6,46),(1292,6,48),(1293,6,48),(1294,6,48),(1295,6,47),(1296,6,46),(1297,6,48),(1298,6,48),(1299,6,48),(1300,6,47),(1301,6,46),(1302,6,48),(1303,6,48),(1304,6,48),(1305,6,47),(1306,6,46),(1307,6,63),(1308,6,48),(1309,6,47),(1310,6,46),(1311,6,48),(1312,6,48),(1313,6,48),(1314,6,47),(1315,6,46),(1316,6,48),(1317,6,48),(1318,6,48),(1319,6,48),(1320,6,47),(1321,6,46),(1322,6,48),(1323,6,48),(1324,6,48),(1325,6,47),(1326,6,46),(1327,6,48),(1328,6,48),(1329,6,48),(1330,6,63),(1331,6,47),(1332,6,46),(1333,6,48),(1334,6,47),(1335,6,46),(1336,6,48),(1337,6,48),(1338,6,48),(1339,6,48),(1340,6,47),(1341,6,46),(1342,6,48),(1343,6,48),(1344,6,48),(1345,6,48),(1346,6,48),(1347,6,47),(1348,6,46),(1349,6,48),(1350,6,48),(1351,6,47),(1352,6,46),(1353,6,48),(1354,6,48),(1355,6,48),(1356,6,48),(1357,6,48),(1358,6,47),(1359,6,46),(1360,6,48),(1361,6,48),(1362,6,48),(1363,6,48),(1364,6,48),(1365,6,47),(1366,6,46),(1367,6,63),(1368,6,48),(1369,6,47),(1370,6,46),(1371,6,57),(1372,6,48),(1373,6,48),(1374,6,48),(1375,6,48),(1376,6,48),(1377,6,47),(1378,6,46),(1379,6,48),(1380,6,48),(1381,6,48),(1382,6,48),(1383,6,48),(1384,6,48),(1385,6,48),(1386,6,48),(1387,6,47),(1388,6,46),(1389,6,48),(1390,6,48),(1391,6,48),(1392,6,48),(1393,6,48),(1394,6,48),(1395,6,47),(1396,6,46),(1397,6,48),(1398,6,48),(1399,6,48),(1400,6,48),(1401,6,48),(1402,6,47),(1403,6,46),(1404,6,48),(1405,6,48),(1406,6,48),(1407,6,48),(1408,6,48),(1409,6,47),(1410,6,46),(1411,6,48),(1412,6,48),(1413,6,48),(1414,6,47),(1415,6,46),(1416,6,48),(1417,6,48),(1418,6,48),(1419,6,47),(1420,6,46),(1421,6,48),(1422,6,48),(1423,6,48),(1424,6,47),(1425,6,46),(1426,6,48),(1427,6,48),(1428,6,48),(1429,6,48),(1430,6,63),(1431,6,47),(1432,6,46),(1433,6,48),(1434,6,47),(1435,6,46),(1436,6,48),(1437,6,48),(1438,6,47),(1439,6,46),(1440,6,46),(1441,6,46),(1442,6,46),(1443,6,46),(1444,6,48),(1445,6,47),(1446,6,47),(1447,6,46),(1448,6,47),(1449,6,46),(1450,6,47),(1451,6,46),(1452,6,48),(1453,6,47),(1454,6,46),(1455,6,48),(1456,6,48),(1457,6,47),(1458,6,46),(1459,6,48),(1460,6,48),(1461,6,47),(1462,6,46),(1463,6,48),(1464,6,48),(1465,6,48),(1466,6,47),(1467,6,46),(1468,6,63),(1469,6,48),(1470,6,47),(1471,6,46),(1472,6,48),(1473,6,48),(1474,6,47),(1475,6,46),(1476,6,48),(1477,6,48),(1478,6,48),(1479,6,47),(1480,6,46),(1481,6,48),(1482,6,48),(1483,6,48),(1484,6,47),(1485,6,46),(1486,6,48),(1487,6,48),(1488,6,47),(1489,6,46),(1490,6,48),(1491,6,48),(1492,6,48),(1493,6,47),(1494,6,46),(1495,6,48),(1496,6,48),(1497,6,47),(1498,6,46),(1499,6,48),(1500,6,48),(1501,6,47),(1502,6,46),(1503,6,48),(1504,6,48),(1505,6,48),(1506,6,47),(1507,6,46),(1508,6,48),(1509,6,48),(1510,6,48),(1511,6,47),(1512,6,46),(1513,6,48),(1514,6,48),(1515,6,48),(1516,6,47),(1517,6,46),(1518,6,48),(1519,6,48),(1520,6,48),(1521,6,47),(1522,6,46),(1523,6,48),(1524,6,48),(1525,6,48),(1526,6,47),(1527,6,46),(1528,6,48),(1529,6,48),(1530,6,48),(1531,6,48),(1532,6,47),(1533,6,46),(1534,6,48),(1535,6,48),(1536,6,48),(1537,6,47),(1538,6,46),(1539,6,48),(1540,6,48),(1541,6,48),(1542,6,47),(1543,6,46),(1544,6,48),(1545,6,48),(1546,6,48),(1547,6,47),(1548,6,46),(1549,6,48),(1550,6,48),(1551,6,47),(1552,6,48),(1553,6,47),(1554,6,46),(1555,6,48),(1556,6,47),(1557,6,46),(1558,6,48),(1559,6,48),(1560,6,48),(1561,6,47),(1562,6,46),(1563,6,48),(1564,6,48),(1565,6,48),(1566,6,48),(1567,6,47),(1568,6,46),(1569,6,48),(1570,6,48),(1571,6,47),(1572,6,46),(1573,6,48),(1574,6,48),(1575,6,48),(1576,6,48),(1577,6,48),(1578,6,48),(1579,6,48),(1580,6,48),(1581,6,48),(1582,6,48),(1583,6,48),(1584,6,47),(1585,6,46),(1586,6,48),(1587,6,48),(1588,6,48),(1589,6,48),(1590,6,48),(1591,6,48),(1592,6,48),(1593,6,48),(1594,6,48),(1595,6,48),(1596,6,47),(1597,6,46),(1598,6,48),(1599,6,48),(1600,6,48),(1601,6,48),(1602,6,48),(1603,6,48),(1604,6,48),(1605,6,48),(1606,6,48),(1607,6,48),(1608,6,47),(1609,6,46),(1610,6,48),(1611,6,48),(1612,6,48),(1613,6,48),(1614,6,48),(1615,6,48),(1616,6,48),(1617,6,48),(1618,6,48),(1619,6,48),(1620,6,47),(1621,6,46),(1622,6,48),(1623,6,48),(1624,6,47),(1625,6,63),(1626,6,46),(1627,6,63),(1628,6,63),(1629,6,63),(1630,6,63),(1631,6,63),(1632,6,63),(1633,6,63),(1634,6,63),(1635,6,48),(1636,6,47),(1637,6,46),(1638,6,48),(1639,6,48),(1640,6,48),(1641,6,48),(1642,6,48),(1643,6,48),(1644,6,48),(1645,6,48),(1646,6,48),(1647,6,48),(1648,6,47),(1649,6,46),(1650,6,48),(1651,6,48),(1652,6,48),(1653,6,48),(1654,6,48),(1655,6,48),(1656,6,48),(1657,6,48),(1658,6,48),(1659,6,48),(1660,6,48),(1661,6,48),(1662,6,48),(1663,6,47),(1664,6,46),(1665,6,48),(1666,6,48),(1667,6,48),(1668,6,48),(1669,6,48),(1670,6,48),(1671,6,48),(1672,6,48),(1673,6,48),(1674,6,48),(1675,6,47),(1676,6,46),(1677,6,48),(1678,6,48),(1679,6,48),(1680,6,48),(1681,6,48),(1682,6,48),(1683,6,48),(1684,6,48),(1685,6,47),(1686,6,46),(1687,6,48),(1688,6,48),(1689,6,47),(1690,6,46),(1691,6,48),(1692,6,48),(1693,6,48),(1694,6,48),(1695,6,47),(1696,6,46),(1697,6,48),(1698,6,48),(1699,6,48),(1700,6,48),(1701,6,48),(1702,6,48),(1703,6,48),(1704,6,48),(1705,6,47),(1706,6,63),(1707,6,46),(1708,6,63),(1709,6,63),(1710,6,63),(1711,6,63),(1712,6,63),(1713,6,63),(1714,6,63),(1715,6,63),(1716,6,48),(1717,6,48),(1718,6,47),(1719,6,46),(1720,6,48),(1721,6,48),(1722,6,47),(1723,6,46),(1724,6,48),(1725,6,48),(1726,6,47),(1727,6,46),(1728,6,48),(1729,6,48),(1730,6,47),(1731,6,46),(1732,6,48),(1733,6,48),(1734,6,47),(1735,6,46),(1736,6,48),(1737,6,48),(1738,6,48),(1739,6,47),(1740,6,46),(1741,6,48),(1742,6,47),(1743,6,46),(1744,6,48),(1745,6,48),(1746,6,47),(1747,6,46),(1748,6,48),(1749,6,48),(1750,6,47),(1751,6,46),(1752,6,48),(1753,6,48),(1754,6,47),(1755,6,46),(1756,6,48),(1757,6,48),(1758,6,47),(1759,6,46),(1760,6,48),(1761,6,48),(1762,6,47),(1763,6,46),(1764,6,48),(1765,6,48),(1766,6,47),(1767,6,46),(1768,6,63),(1769,6,48),(1770,6,47),(1771,6,46),(1772,6,48),(1773,6,48),(1774,6,48),(1775,6,47),(1776,6,46),(1777,6,48),(1778,6,48),(1779,6,47),(1780,6,46),(1781,6,48),(1782,6,48),(1783,6,48),(1784,6,47),(1785,6,46),(1786,6,48),(1787,6,48),(1788,6,48),(1789,6,48),(1790,6,48),(1791,6,48),(1792,6,48),(1793,6,48),(1794,6,48),(1795,6,48),(1796,6,47),(1797,6,46),(1798,6,48),(1799,6,48),(1800,6,48),(1801,6,48),(1802,6,48),(1803,6,48),(1804,6,48),(1805,6,48),(1806,6,48),(1807,6,48),(1808,6,48),(1809,6,48),(1810,6,48),(1811,6,48),(1812,6,47),(1813,6,46),(1814,6,48),(1815,6,48),(1816,6,48),(1817,6,48),(1818,6,48),(1819,6,48),(1820,6,48),(1821,6,48),(1822,6,47),(1823,6,46),(1824,6,48),(1825,6,48),(1826,6,48),(1827,6,48),(1828,6,47),(1829,6,46),(1830,6,48),(1831,6,48),(1832,6,48),(1833,6,48),(1834,6,47),(1835,6,46),(1836,6,48),(1837,6,48),(1838,6,48),(1839,6,48),(1840,6,47),(1841,6,46),(1842,6,48),(1843,6,48),(1844,6,48),(1845,6,48),(1846,6,47),(1847,6,46),(1848,6,48),(1849,6,48),(1850,6,48),(1851,6,48),(1852,6,48),(1853,6,48),(1854,6,47),(1855,6,46),(1856,6,48),(1857,6,48),(1858,6,48),(1859,6,48),(1860,6,48),(1861,6,48),(1862,6,48),(1863,6,47),(1864,6,46),(1865,6,48),(1866,6,48),(1867,6,48),(1868,6,48),(1869,6,48),(1870,6,48),(1871,6,48),(1872,6,48),(1873,6,48),(1874,6,48),(1875,6,48),(1876,6,48),(1877,6,48),(1878,6,48),(1879,6,48),(1880,6,48),(1881,6,48),(1882,6,48),(1883,6,48),(1884,6,48),(1885,6,48),(1886,6,48),(1887,6,48),(1888,6,48),(1889,6,48),(1890,6,48),(1891,6,48),(1892,6,48),(1893,6,48),(1894,6,48),(1895,6,48),(1896,6,48),(1897,6,47),(1898,6,46),(1899,6,48),(1900,6,48),(1901,6,48),(1902,6,48),(1903,6,47),(1904,6,46),(1905,6,48),(1906,6,48),(1907,6,48),(1908,6,47),(1909,6,46),(1910,6,48),(1911,6,48),(1912,6,48),(1913,6,47),(1914,6,46),(1915,6,48),(1916,6,48),(1917,6,48),(1918,6,47),(1919,6,46),(1920,6,48),(1921,6,48),(1922,6,48),(1923,6,47),(1924,6,46),(1925,6,48),(1926,6,48),(1927,6,48),(1928,6,47),(1929,6,46),(1930,6,48),(1931,6,48),(1932,6,48),(1933,6,47),(1934,6,46),(1935,6,48),(1936,6,48),(1937,6,47),(1938,6,46),(1939,6,63),(1940,6,48),(1941,6,47),(1942,6,46),(1943,6,48),(1944,6,48),(1945,6,48),(1946,6,47),(1947,6,46),(1948,6,48),(1949,6,48),(1950,6,48),(1951,6,48),(1952,6,47),(1953,6,46),(1954,6,48),(1955,6,48),(1956,6,48),(1957,6,48),(1958,6,48),(1959,6,48),(1960,6,47),(1961,6,46),(1962,6,63),(1963,6,63),(1964,6,63),(1965,6,63),(1966,6,63),(1967,6,48),(1968,6,47),(1969,6,46),(1970,6,48),(1971,6,48),(1972,6,47),(1973,6,46),(1974,6,63),(1975,6,63),(1976,6,63),(1977,6,48),(1978,6,47),(1979,6,46),(1980,6,63),(1981,6,63),(1982,6,63),(1983,6,63),(1984,6,63),(1985,6,48),(1986,6,47),(1987,6,46),(1988,6,63),(1989,6,63),(1990,6,63),(1991,6,48),(1992,6,47),(1993,6,46),(1994,6,48),(1995,6,48),(1996,6,47),(1997,6,46),(1998,6,51),(1999,6,48),(2000,6,47),(2001,6,46),(2002,6,55),(2003,6,48),(2004,6,47),(2005,6,46),(2006,6,52),(2007,6,51),(2008,6,52),(2009,6,51),(2010,6,53),(2011,6,52),(2012,6,51),(2013,6,53),(2014,6,48),(2015,6,47),(2016,6,46),(2017,6,53),(2018,6,48),(2019,6,47),(2020,6,46),(2021,6,47),(2022,6,48),(2023,6,47),(2024,6,46),(2025,6,55),(2026,6,53),(2027,6,48),(2028,6,47),(2029,6,46),(2030,6,46),(2031,6,46),(2032,6,46),(2033,6,46),(2034,6,46),(2035,6,46),(2036,6,46),(2037,6,46),(2038,6,48),(2039,6,47),(2040,6,46),(2041,6,57),(2042,6,48),(2043,6,47),(2044,6,46),(2045,6,46),(2046,6,46),(2047,6,46),(2048,6,46),(2049,6,48),(2050,6,47),(2051,6,46),(2052,6,47),(2053,6,47),(2054,6,46),(2055,6,47),(2056,6,46),(2057,6,48),(2058,6,47),(2059,6,46),(2060,6,52),(2061,6,48),(2062,6,47),(2063,6,46),(2064,6,66),(2065,6,48),(2066,6,47),(2067,6,46),(2068,6,52),(2069,6,52),(2070,6,48),(2071,6,47),(2072,6,46),(2073,6,67),(2074,6,67),(2075,6,67),(2076,6,48),(2077,6,47),(2078,6,46),(2079,6,66),(2080,6,48),(2081,6,47),(2082,6,46),(2083,6,67),(2084,6,67),(2085,6,48),(2086,6,47),(2087,6,46),(2088,6,67),(2089,6,48),(2090,6,47),(2091,6,46),(2092,6,67),(2093,6,67),(2094,6,48),(2095,6,47),(2096,6,66),(2097,6,46),(2098,6,48),(2099,6,47),(2100,6,46),(2101,6,67),(2102,6,67),(2103,6,48),(2104,6,47),(2105,6,46),(2106,6,67),(2107,6,67),(2108,6,67),(2109,6,67),(2110,6,48),(2111,6,47),(2112,6,46),(2113,6,67),(2114,6,67),(2115,6,67),(2116,6,67),(2117,6,67),(2118,6,67),(2119,6,67),(2120,6,67),(2121,6,67),(2122,6,48),(2123,6,47),(2124,6,46),(2125,6,46),(2126,6,48),(2127,6,47),(2128,6,46),(2129,6,51),(2130,6,48),(2131,6,47),(2132,6,46),(2133,6,51),(2134,6,48),(2135,6,47),(2136,6,46),(2137,6,52),(2138,6,48),(2139,6,47),(2140,6,46),(2141,6,67),(2142,6,48),(2143,6,47),(2144,6,46),(2145,6,52),(2146,6,48),(2147,6,47),(2148,6,46),(2149,6,52),(2150,6,48),(2151,6,47),(2152,6,46),(2153,6,52),(2154,6,48),(2155,6,47),(2156,6,46),(2157,6,52),(2158,6,48),(2159,6,47),(2160,6,46),(2161,6,52),(2162,6,67),(2163,6,67),(2164,6,48),(2165,6,47),(2166,6,46),(2167,6,53),(2168,6,48),(2169,6,47),(2170,6,46),(2171,6,52),(2172,6,67),(2173,6,48),(2174,6,47),(2175,6,46),(2176,6,52),(2177,6,67),(2178,6,48),(2179,6,47),(2180,6,46),(2181,6,52),(2182,6,67),(2183,6,67),(2184,6,48),(2185,6,47),(2186,6,46),(2187,6,52),(2188,6,67),(2189,6,48),(2190,6,47),(2191,6,46),(2192,6,52),(2193,6,67),(2194,6,52),(2195,6,52),(2196,6,67),(2197,6,52),(2198,6,52),(2199,6,52),(2200,6,52),(2201,6,52),(2202,6,52),(2203,6,67),(2204,6,52),(2205,6,52),(2206,6,48),(2207,6,47),(2208,6,46),(2209,6,51),(2210,6,48),(2211,6,47),(2212,6,46),(2213,6,51),(2214,6,67),(2215,6,51),(2216,6,51),(2217,6,67),(2218,6,51),(2219,6,51),(2220,6,67),(2221,6,51),(2222,6,51),(2223,6,51),(2224,6,51),(2225,6,48),(2226,6,47),(2227,6,46),(2228,6,53),(2229,6,48),(2230,6,47),(2231,6,46),(2232,6,53),(2233,6,67),(2234,6,53),(2235,6,53),(2236,6,53),(2237,6,67),(2238,6,53),(2239,6,53),(2240,6,67),(2241,6,53),(2242,6,53),(2243,6,53),(2244,6,53),(2245,6,48),(2246,6,47),(2247,6,46),(2248,6,53),(2249,6,48),(2250,6,47),(2251,6,46),(2252,6,51),(2253,6,48),(2254,6,47),(2255,6,46),(2256,6,52),(2257,6,51),(2258,6,48),(2259,6,47),(2260,6,46),(2261,6,51),(2262,6,48),(2263,6,47),(2264,6,46),(2265,6,52),(2266,6,48),(2267,6,47),(2268,6,46),(2269,6,53),(2270,6,48),(2271,6,47),(2272,6,46),(2273,6,52),(2274,6,51),(2275,6,52),(2276,6,51),(2277,6,52),(2278,6,51),(2279,6,52),(2280,6,51),(2281,6,67),(2282,6,48),(2283,6,47),(2284,6,46),(2285,6,52),(2286,6,51),(2287,6,52),(2288,6,51),(2289,6,48),(2290,6,47),(2291,6,46),(2292,6,53),(2293,6,53),(2294,6,53),(2295,6,53),(2296,6,53),(2297,6,48),(2298,6,47),(2299,6,46),(2300,6,55),(2301,6,48),(2302,6,47),(2303,6,46),(2304,6,53),(2305,6,53),(2306,6,48),(2307,6,47),(2308,6,46),(2309,6,48),(2310,6,47),(2311,6,46),(2312,6,51),(2313,6,48),(2314,6,47),(2315,6,46),(2316,6,52),(2317,6,48),(2318,6,47),(2319,6,46),(2320,6,57),(2321,6,48),(2322,6,47),(2323,6,46),(2324,6,63),(2325,6,48),(2326,6,47),(2327,6,46),(2328,6,48),(2329,6,48),(2330,6,47),(2331,6,46),(2332,6,46),(2333,6,46),(2334,6,46),(2335,6,46),(2336,6,48),(2337,6,47),(2338,6,46),(2339,6,47),(2340,6,47),(2341,6,46),(2342,6,47),(2343,6,46),(2344,6,48),(2345,6,47),(2346,6,46),(2347,6,46),(2348,6,46),(2349,6,46),(2350,6,46),(2351,6,48),(2352,6,47),(2353,6,46),(2354,6,63),(2355,6,63),(2356,6,48),(2357,6,47),(2358,6,46),(2359,6,52),(2360,6,51),(2361,6,52),(2362,6,51),(2363,6,48),(2364,6,47),(2365,6,46),(2366,6,67),(2367,6,48),(2368,6,47),(2369,6,46),(2370,6,67),(2371,6,48),(2372,6,47),(2373,6,46),(2374,6,67),(2375,6,52),(2376,6,51),(2377,6,48),(2378,6,47),(2379,6,46),(2380,6,51),(2381,6,48),(2382,6,47),(2383,6,46),(2384,6,52),(2385,6,67),(2386,6,52),(2387,6,51),(2388,6,67),(2389,6,52),(2390,6,51),(2391,6,52),(2392,6,51),(2393,6,52),(2394,6,51),(2395,6,52),(2396,6,51),(2397,6,48),(2398,6,47),(2399,6,46),(2400,6,67),(2401,6,52),(2402,6,51),(2403,6,48),(2404,6,47),(2405,6,46),(2406,6,67),(2407,6,52),(2408,6,51),(2409,6,48),(2410,6,47),(2411,6,46),(2412,6,67),(2413,6,52),(2414,6,51),(2415,6,52),(2416,6,51),(2417,6,52),(2418,6,51),(2419,6,52),(2420,6,51),(2421,6,52),(2422,6,51),(2423,6,48),(2424,6,47),(2425,6,46),(2426,6,67),(2427,6,52),(2428,6,51),(2429,6,48),(2430,6,47),(2431,6,46),(2432,6,67),(2433,6,52),(2434,6,51),(2435,6,67),(2436,6,52),(2437,6,51),(2438,6,67),(2439,6,52),(2440,6,51),(2441,6,52),(2442,6,51),(2443,6,52),(2444,6,51),(2445,6,67),(2446,6,52),(2447,6,51),(2448,6,67),(2449,6,52),(2450,6,51),(2451,6,48),(2452,6,47),(2453,6,46),(2454,6,48),(2455,6,47),(2456,6,46),(2457,6,67),(2458,6,67),(2459,6,52),(2460,6,51),(2461,6,54),(2462,6,52),(2463,6,51),(2464,6,48),(2465,6,47),(2466,6,46),(2467,6,55),(2468,6,53),(2469,6,55),(2470,6,55),(2471,6,55),(2472,6,55),(2473,6,55),(2474,6,48),(2475,6,47),(2476,6,46),(2477,6,48),(2478,6,47),(2479,6,46),(2480,6,55),(2481,6,48),(2482,6,47),(2483,6,46),(2484,6,51),(2485,6,55),(2486,6,55),(2487,6,53),(2488,6,55),(2489,6,55),(2490,6,48),(2491,6,47),(2492,6,46),(2493,6,55),(2494,6,53),(2495,6,55),(2496,6,48),(2497,6,47),(2498,6,46),(2499,6,55),(2500,6,53),(2501,6,55),(2502,6,53),(2503,6,55),(2504,6,55),(2505,6,48),(2506,6,47),(2507,6,46),(2508,6,55),(2509,6,53),(2510,6,48),(2511,6,47),(2512,6,46),(2513,6,55),(2514,6,67),(2515,6,53),(2516,6,48),(2517,6,47),(2518,6,46),(2519,6,55),(2520,6,67),(2521,6,53),(2522,6,55),(2523,6,48),(2524,6,47),(2525,6,46),(2526,6,55),(2527,6,67),(2528,6,53),(2529,6,55),(2530,6,48),(2531,6,47),(2532,6,46),(2533,6,55),(2534,6,67),(2535,6,53),(2536,6,55),(2537,6,48),(2538,6,47),(2539,6,46),(2540,6,55),(2541,6,67),(2542,6,53),(2543,6,55),(2544,6,48),(2545,6,47),(2546,6,46),(2547,6,55),(2548,6,67),(2549,6,53),(2550,6,55),(2551,6,67),(2552,6,53),(2553,6,55),(2554,6,48),(2555,6,47),(2556,6,46),(2557,6,51),(2558,6,48),(2559,6,47),(2560,6,46),(2561,6,48),(2562,6,47),(2563,6,46),(2564,6,53),(2565,6,48),(2566,6,47),(2567,6,46),(2568,6,52),(2569,6,67),(2570,6,67),(2571,6,67),(2572,6,53),(2573,6,67),(2574,6,48),(2575,6,47),(2576,6,46),(2577,6,55),(2578,6,67),(2579,6,53),(2580,6,55),(2581,6,48),(2582,6,47),(2583,6,46),(2584,6,55),(2585,6,48),(2586,6,47),(2587,6,46),(2588,6,55),(2589,6,67),(2590,6,53),(2591,6,55),(2592,6,48),(2593,6,47),(2594,6,46),(2595,6,55),(2596,6,67),(2597,6,53),(2598,6,55),(2599,6,48),(2600,6,47),(2601,6,46),(2602,6,55),(2603,6,67),(2604,6,53),(2605,6,55),(2606,6,55),(2607,6,48),(2608,6,47),(2609,6,46),(2610,6,55),(2611,6,67),(2612,6,53),(2613,6,55),(2614,6,53),(2615,6,55),(2616,6,53),(2617,6,48),(2618,6,47),(2619,6,46),(2620,6,55),(2621,6,67),(2622,6,48),(2623,6,47),(2624,6,46),(2625,6,53),(2626,6,67),(2627,6,53),(2628,6,55),(2629,6,55),(2630,6,55),(2631,6,53),(2632,6,55),(2633,6,55),(2634,6,67),(2635,6,53),(2636,6,55),(2637,6,55),(2638,6,48),(2639,6,47),(2640,6,46),(2641,6,55),(2642,6,67),(2643,6,55),(2644,6,53),(2645,6,53),(2646,6,55),(2647,6,55),(2648,6,55),(2649,6,55),(2650,6,55),(2651,6,55),(2652,6,55),(2653,6,67),(2654,6,48),(2655,6,47),(2656,6,46),(2657,6,48),(2658,6,47),(2659,6,46),(2660,6,51),(2661,6,67),(2662,6,51),(2663,6,67),(2664,6,67),(2665,6,51),(2666,6,48),(2667,6,47),(2668,6,46),(2669,6,51),(2670,6,48),(2671,6,47),(2672,6,46),(2673,6,52),(2674,6,51),(2675,6,52),(2676,6,51),(2677,6,67),(2678,6,52),(2679,6,51),(2680,6,48),(2681,6,47),(2682,6,46),(2683,6,51),(2684,6,67),(2685,6,48),(2686,6,47),(2687,6,46),(2688,6,52),(2689,6,67),(2690,6,48),(2691,6,47),(2692,6,46),(2693,6,53),(2694,6,67),(2695,6,48),(2696,6,47),(2697,6,46),(2698,6,52),(2699,6,51),(2700,6,52),(2701,6,51),(2702,6,48),(2703,6,47),(2704,6,46),(2705,6,67),(2706,6,52),(2707,6,51),(2708,6,67),(2709,6,52),(2710,6,51),(2711,6,67),(2712,6,52),(2713,6,51),(2714,6,52),(2715,6,51),(2716,6,48),(2717,6,47),(2718,6,46),(2719,6,51),(2720,6,67),(2721,6,52),(2722,6,51),(2723,6,67),(2724,6,52),(2725,6,51),(2726,6,52),(2727,6,51),(2728,6,48),(2729,6,47),(2730,6,46),(2731,6,55),(2732,6,55),(2733,6,53),(2734,6,48),(2735,6,47),(2736,6,46),(2737,6,55),(2738,6,55),(2739,6,67),(2740,6,67),(2741,6,48),(2742,6,47),(2743,6,46),(2744,6,55),(2745,6,55),(2746,6,67),(2747,6,55),(2748,6,67),(2749,6,48),(2750,6,47),(2751,6,46),(2752,6,52),(2753,6,55),(2754,6,55),(2755,6,67),(2756,6,53),(2757,6,55),(2758,6,55),(2759,6,48),(2760,6,47),(2761,6,46),(2762,6,55),(2763,6,48),(2764,6,47),(2765,6,46),(2766,6,53),(2767,6,55),(2768,6,55),(2769,6,55),(2770,6,67),(2771,6,53),(2772,6,55),(2773,6,55),(2774,6,55),(2775,6,55),(2776,6,55),(2777,6,55),(2778,6,55),(2779,6,55),(2780,6,55),(2781,6,55),(2782,6,55),(2783,6,55),(2784,6,55),(2785,6,55),(2786,6,55),(2787,6,55),(2788,6,55),(2789,6,55),(2790,6,55),(2791,6,55),(2792,6,55),(2793,6,55),(2794,6,48),(2795,6,47),(2796,6,46),(2797,6,55),(2798,6,67),(2799,6,53),(2800,6,55),(2801,6,48),(2802,6,47),(2803,6,46),(2804,6,52),(2805,6,48),(2806,6,47),(2807,6,46),(2808,6,55),(2809,6,55),(2810,6,53),(2811,6,55),(2812,6,48),(2813,6,47),(2814,6,46),(2815,6,53),(2816,6,67),(2817,6,53),(2818,6,53),(2819,6,53),(2820,6,67),(2821,6,53),(2822,6,53),(2823,6,53),(2824,6,53),(2825,6,55),(2826,6,55),(2827,6,53),(2828,6,55),(2829,6,55),(2830,6,48),(2831,6,47),(2832,6,46),(2833,6,55),(2834,6,55),(2835,6,55),(2836,6,48),(2837,6,47),(2838,6,46),(2839,6,52),(2840,6,48),(2841,6,47),(2842,6,46),(2843,6,67),(2844,6,52),(2845,6,51),(2846,6,48),(2847,6,47),(2848,6,46),(2849,6,55),(2850,6,55),(2851,6,55),(2852,6,48),(2853,6,47),(2854,6,46),(2855,6,48),(2856,6,47),(2857,6,46),(2858,6,46),(2859,6,46),(2860,6,46),(2861,6,46),(2862,6,48),(2863,6,47),(2864,6,46),(2865,6,47),(2866,6,47),(2867,6,46),(2868,6,47),(2869,6,46),(2870,6,48),(2871,6,47),(2872,6,46),(2873,6,55),(2874,6,48),(2875,6,47),(2876,6,46),(2877,6,55),(2878,6,67),(2879,6,48),(2880,6,47),(2881,6,46),(2882,6,55),(2883,6,67),(2884,6,67),(2885,6,67),(2886,6,67),(2887,6,67),(2888,6,67),(2889,6,48),(2890,6,47),(2891,6,46),(2892,6,55),(2893,6,67),(2894,6,67),(2895,6,48),(2896,6,47),(2897,6,46),(2898,6,55),(2899,6,48),(2900,6,47),(2901,6,46),(2902,6,55),(2903,6,48),(2904,6,47),(2905,6,46),(2906,6,55),(2907,6,48),(2908,6,47),(2909,6,46),(2910,6,55),(2911,6,48),(2912,6,47),(2913,6,46),(2914,6,55),(2915,6,48),(2916,6,47),(2917,6,46),(2918,6,55),(2919,6,55),(2920,6,67),(2921,6,48),(2922,6,47),(2923,6,46),(2924,6,55),(2925,6,67),(2926,6,48),(2927,6,47),(2928,6,46),(2929,6,55),(2930,6,67),(2931,6,53),(2932,6,55),(2933,6,67),(2934,6,53),(2935,6,48),(2936,6,47),(2937,6,46),(2938,6,67),(2939,6,48),(2940,6,47),(2941,6,46),(2942,6,67),(2943,6,67),(2944,6,48),(2945,6,47),(2946,6,46),(2947,6,48),(2948,6,47),(2949,6,46),(2950,6,55),(2951,6,48),(2952,6,47),(2953,6,46),(2954,6,55),(2955,6,48),(2956,6,47),(2957,6,46),(2958,6,55),(2959,6,67),(2960,6,53),(2961,6,48),(2962,6,47),(2963,6,46),(2964,6,55),(2965,6,67),(2966,6,53),(2967,6,48),(2968,6,47),(2969,6,46),(2970,6,55),(2971,6,48),(2972,6,47),(2973,6,46),(2974,6,55),(2975,6,67),(2976,6,67),(2977,6,48),(2978,6,47),(2979,6,46),(2980,6,67),(2981,6,48),(2982,6,47),(2983,6,46),(2984,6,55),(2985,6,67),(2986,6,55),(2987,6,67),(2988,6,48),(2989,6,47),(2990,6,46),(2991,6,55),(2992,6,67),(2993,6,55),(2994,6,55),(2995,6,55),(2996,6,55),(2997,6,55),(2998,6,55),(2999,6,55),(3000,6,55),(3001,6,48),(3002,6,47),(3003,6,46),(3004,6,55),(3005,6,67),(3006,6,55),(3007,6,48),(3008,6,47),(3009,6,46),(3010,6,55),(3011,6,67),(3012,6,55),(3013,6,55),(3014,6,48),(3015,6,47),(3016,6,46),(3017,6,55),(3018,6,67),(3019,6,55),(3020,6,55),(3021,6,55),(3022,6,55),(3023,6,55),(3024,6,55),(3025,6,55),(3026,6,55),(3027,6,48),(3028,6,47),(3029,6,46),(3030,6,55),(3031,6,48),(3032,6,47),(3033,6,46),(3034,6,55),(3035,6,67),(3036,6,55),(3037,6,55),(3038,6,55),(3039,6,55),(3040,6,55),(3041,6,48),(3042,6,47),(3043,6,46),(3044,6,55),(3045,6,55),(3046,6,55),(3047,6,67),(3048,6,55),(3049,6,55),(3050,6,55),(3051,6,55),(3052,6,55),(3053,6,67),(3054,6,55),(3055,6,55),(3056,6,55),(3057,6,55),(3058,6,55),(3059,6,67),(3060,6,55),(3061,6,55),(3062,6,55),(3063,6,67),(3064,6,55),(3065,6,55),(3066,6,55),(3067,6,55),(3068,6,55),(3069,6,48),(3070,6,47),(3071,6,46),(3072,6,48),(3073,6,48),(3074,6,47),(3075,6,46),(3076,6,63),(3077,6,48),(3078,6,47),(3079,6,46),(3080,6,47),(3081,6,47),(3082,6,46),(3083,6,47),(3084,6,46),(3085,6,48),(3086,6,47),(3087,6,46),(3088,6,48),(3089,6,48),(3090,6,48),(3091,6,47),(3092,6,48),(3093,6,47),(3094,6,48),(3095,6,47),(3096,6,46),(3097,6,48),(3098,6,48),(3099,55,48),(3100,55,47),(3101,55,46),(3102,55,55),(3103,55,67),(3104,55,53),(3105,55,55),(3106,55,55),(3107,55,53),(3108,55,55),(3109,55,55),(3110,55,53),(3111,55,55),(3112,55,55),(3113,55,53),(3114,55,67),(3115,55,55),(3116,55,55),(3117,55,55),(3118,55,55),(3119,6,48),(3120,6,47),(3121,6,46),(3122,6,48),(3123,6,48),(3124,6,48),(3125,6,48),(3126,6,47),(3127,6,46),(3128,6,51),(3129,6,48),(3130,6,47),(3131,6,46),(3132,6,52),(3133,6,48),(3134,6,47),(3135,6,46),(3136,6,53),(3137,6,48),(3138,6,47),(3139,6,46),(3140,6,48),(3141,6,47),(3142,6,46),(3143,6,55),(3144,6,48),(3145,6,47),(3146,6,46),(3147,6,67),(3148,6,48),(3149,6,47),(3150,6,46),(3151,6,47),(3152,6,48),(3153,6,47),(3154,6,46),(3155,6,48),(3156,6,48),(3157,6,47),(3158,6,46),(3159,6,63),(3160,6,48),(3161,6,47),(3162,6,46),(3163,6,46),(3164,6,48),(3165,6,47),(3166,6,46),(3167,6,65),(3168,6,48),(3169,6,47),(3170,6,46),(3171,6,66),(3172,6,48),(3173,6,47),(3174,6,46),(3175,6,57),(3176,6,48),(3177,6,47),(3178,6,46),(3179,6,51),(3180,6,48),(3181,6,47),(3182,6,46),(3183,6,52),(3184,6,48),(3185,6,47),(3186,6,46),(3187,6,46),(3188,6,48),(3189,6,47),(3190,6,46),(3191,6,51),(3192,6,48),(3193,6,47),(3194,6,46),(3195,6,67),(3196,6,48),(3197,6,47),(3198,6,46),(3199,6,52),(3200,6,48),(3201,6,47),(3202,6,46),(3203,6,55),(3204,6,67),(3205,6,55),(3206,6,67),(3207,6,48),(3208,6,47),(3209,6,46),(3210,6,52),(3211,6,55),(3212,6,55),(3213,6,67),(3214,6,55),(3215,6,55),(3216,6,55),(3217,6,48),(3218,6,47),(3219,6,46),(3220,6,51),(3221,6,67),(3222,6,67),(3223,6,67),(3224,6,48),(3225,6,47),(3226,6,46),(3227,6,51),(3228,6,48),(3229,6,47),(3230,6,46),(3231,6,52),(3232,6,48),(3233,6,47),(3234,6,46),(3235,6,53),(3236,6,48),(3237,6,47),(3238,6,46),(3239,6,48),(3240,6,47),(3241,6,46),(3242,6,55),(3243,6,48),(3244,6,47),(3245,6,46),(3246,6,67),(3247,6,48),(3248,6,47),(3249,6,46),(3250,6,48),(3251,6,48),(3252,6,47),(3253,6,46),(3254,6,47),(3255,6,48),(3256,6,47),(3257,6,46),(3258,6,57),(3259,6,48),(3260,6,47),(3261,6,46),(3262,6,63),(3263,6,67),(3264,6,67),(3265,6,48),(3266,6,47),(3267,6,46),(3268,6,67),(3269,6,48),(3270,6,47),(3271,6,46),(3272,6,55),(3273,6,48),(3274,6,47),(3275,6,46),(3276,6,67),(3277,6,67),(3278,6,67),(3279,6,67),(3280,6,67),(3281,6,67),(3282,6,48),(3283,6,47),(3284,6,46),(3285,6,52),(3286,6,67),(3287,6,52),(3288,6,52),(3289,6,67),(3290,6,52),(3291,6,52),(3292,6,67),(3293,6,52),(3294,6,52),(3295,6,67),(3296,6,52),(3297,6,52),(3298,6,67),(3299,6,52),(3300,6,52),(3301,6,67),(3302,6,52),(3303,6,52),(3304,6,67),(3305,6,52),(3306,6,52),(3307,6,67),(3308,6,52),(3309,6,52),(3310,6,67),(3311,6,52),(3312,6,52),(3313,6,67),(3314,6,52),(3315,6,52),(3316,6,67),(3317,6,52),(3318,6,52),(3319,6,67),(3320,6,52),(3321,6,52),(3322,6,67),(3323,6,52),(3324,6,52),(3325,6,48),(3326,6,47),(3327,6,46),(3328,6,51),(3329,6,67),(3330,6,51),(3331,6,51),(3332,6,67),(3333,6,51),(3334,6,51),(3335,6,67),(3336,6,51),(3337,6,51),(3338,6,67),(3339,6,51),(3340,6,51),(3341,6,67),(3342,6,51),(3343,6,51),(3344,6,67),(3345,6,51),(3346,6,51),(3347,6,67),(3348,6,51),(3349,6,51),(3350,6,67),(3351,6,51),(3352,6,51),(3353,6,67),(3354,6,51),(3355,6,51),(3356,6,67),(3357,6,51),(3358,6,51),(3359,6,67),(3360,6,51),(3361,6,51),(3362,6,67),(3363,6,51),(3364,6,51),(3365,6,67),(3366,6,51),(3367,6,51),(3368,6,67),(3369,6,51),(3370,6,51),(3371,6,67),(3372,6,51),(3373,6,51),(3374,6,67),(3375,6,51),(3376,6,51),(3377,6,67),(3378,6,51),(3379,6,51),(3380,6,67),(3381,6,51),(3382,6,51),(3383,6,51),(3384,6,67),(3385,6,51),(3386,6,51),(3387,6,67),(3388,6,51),(3389,6,51),(3390,6,67),(3391,6,51),(3392,6,51),(3393,6,48),(3394,6,47),(3395,6,46),(3396,6,53),(3397,6,67),(3398,6,53),(3399,6,53),(3400,6,53),(3401,6,67),(3402,6,53),(3403,6,53),(3404,6,53),(3405,6,67),(3406,6,53),(3407,6,53),(3408,6,53),(3409,6,67),(3410,6,53),(3411,6,53),(3412,6,53),(3413,6,67),(3414,6,53),(3415,6,53),(3416,6,53),(3417,6,67),(3418,6,53),(3419,6,53),(3420,6,53),(3421,6,67),(3422,6,53),(3423,6,53),(3424,6,53),(3425,6,67),(3426,6,53),(3427,6,53),(3428,6,53),(3429,6,67),(3430,6,53),(3431,6,53),(3432,6,53),(3433,6,67),(3434,6,67),(3435,6,53),(3436,6,48),(3437,6,47),(3438,6,46),(3439,6,67),(3440,6,52),(3441,6,51),(3442,6,54),(3443,6,52),(3444,6,51),(3445,6,54),(3446,6,52),(3447,6,51),(3448,6,54),(3449,6,52),(3450,6,51),(3451,6,54),(3452,6,52),(3453,6,51),(3454,6,54),(3455,6,52),(3456,6,51),(3457,6,54),(3458,6,52),(3459,6,51),(3460,6,54),(3461,6,52),(3462,6,51),(3463,6,54),(3464,6,52),(3465,6,51),(3466,6,54),(3467,6,52),(3468,6,51),(3469,6,54),(3470,6,52),(3471,6,51),(3472,6,54),(3473,6,52),(3474,6,51),(3475,6,54),(3476,6,52),(3477,6,51),(3478,6,54),(3479,6,52),(3480,6,51),(3481,6,54),(3482,6,52),(3483,6,51),(3484,6,54),(3485,6,52),(3486,6,51),(3487,6,54),(3488,6,52),(3489,6,51),(3490,6,54),(3491,6,52),(3492,6,51),(3493,6,54),(3494,6,52),(3495,6,51),(3496,6,67),(3497,6,67),(3498,6,52),(3499,6,51),(3500,6,54),(3501,6,52),(3502,6,51),(3503,6,54),(3504,6,52),(3505,6,51),(3506,6,54),(3507,6,52),(3508,6,51),(3509,6,54),(3510,6,52),(3511,6,51),(3512,6,54),(3513,6,52),(3514,6,51),(3515,6,54),(3516,6,52),(3517,6,51),(3518,6,54),(3519,6,67),(3520,6,52),(3521,6,51),(3522,6,54),(3523,6,67),(3524,6,53),(3525,6,55),(3526,6,55),(3527,6,53),(3528,6,55),(3529,6,55),(3530,6,53),(3531,6,55),(3532,6,55),(3533,6,55),(3534,6,53),(3535,6,55),(3536,6,55),(3537,6,53),(3538,6,55),(3539,6,55),(3540,6,53),(3541,6,55),(3542,6,55),(3543,6,53),(3544,6,55),(3545,6,55),(3546,6,53),(3547,6,55),(3548,6,55),(3549,6,53),(3550,6,55),(3551,6,55),(3552,6,53),(3553,6,55),(3554,6,55),(3555,6,53),(3556,6,55),(3557,6,55),(3558,6,67),(3559,6,55),(3560,6,55),(3561,6,55),(3562,6,55),(3563,6,48),(3564,6,47),(3565,6,46),(3566,6,47),(3567,6,48),(3568,6,47),(3569,6,46),(3570,6,57),(3571,6,48),(3572,6,47),(3573,6,46),(3574,6,55),(3575,6,55),(3576,6,48),(3577,6,47),(3578,6,46),(3579,6,48),(3580,6,66),(3581,6,47),(3582,6,46),(3583,6,66),(3584,6,66),(3585,6,48),(3586,6,47),(3587,6,46),(3588,6,66),(3589,6,66),(3590,6,66),(3591,6,48),(3592,6,66),(3593,6,47),(3594,6,46),(3595,6,48),(3596,6,47),(3597,6,46),(3598,6,57),(3599,6,57),(3600,6,48),(3601,6,47),(3602,6,46),(3603,6,57),(3604,6,66),(3605,6,66),(3606,6,66),(3607,6,66),(3608,6,66),(3609,6,66),(3610,6,66),(3611,6,66),(3612,6,66),(3613,6,66),(3614,6,66),(3615,6,66),(3616,6,66),(3617,6,48),(3618,6,47),(3619,6,46),(3620,6,57),(3621,6,57),(3622,6,48),(3623,6,47),(3624,6,46),(3625,6,57),(3626,6,57),(3627,6,48),(3628,6,47),(3629,6,46),(3630,6,57),(3631,6,57),(3632,6,48),(3633,6,47),(3634,6,46),(3635,6,57),(3636,6,57),(3637,6,48),(3638,6,47),(3639,6,46),(3640,6,57),(3641,6,48),(3642,6,47),(3643,6,46),(3644,6,57),(3645,6,57),(3646,6,57),(3647,6,48),(3648,6,47),(3649,6,46),(3650,6,51),(3651,6,48),(3652,6,47),(3653,6,46),(3654,6,52),(3655,6,48),(3656,6,47),(3657,6,46),(3658,6,51),(3659,6,67),(3660,6,48),(3661,6,47),(3662,6,46),(3663,6,51),(3664,6,67),(3665,6,48),(3666,6,47),(3667,6,46),(3668,6,67),(3669,6,52),(3670,6,51),(3671,6,48),(3672,6,47),(3673,6,46),(3674,6,67),(3675,6,52),(3676,6,51),(3677,6,66),(3678,6,48),(3679,6,47),(3680,6,46),(3681,6,51),(3682,6,67),(3683,6,48),(3684,6,47),(3685,6,46),(3686,6,51),(3687,6,67),(3688,6,51),(3689,6,51),(3690,6,48),(3691,6,47),(3692,6,46),(3693,6,51),(3694,6,67),(3695,6,51),(3696,6,51),(3697,6,48),(3698,6,47),(3699,6,46),(3700,6,51),(3701,6,67),(3702,6,51),(3703,6,51),(3704,6,67),(3705,6,66),(3706,6,66),(3707,6,66),(3708,6,48),(3709,6,47),(3710,6,46),(3711,6,51),(3712,6,48),(3713,6,47),(3714,6,52),(3715,6,46),(3716,6,48),(3717,6,53),(3718,6,47),(3719,6,46),(3720,6,48),(3721,6,47),(3722,6,46),(3723,6,48),(3724,6,47),(3725,6,46),(3726,6,55),(3727,6,48),(3728,6,47),(3729,6,57),(3730,6,46),(3731,6,48),(3732,6,46),(3733,6,47),(3734,6,46),(3735,6,48),(3736,6,47),(3737,6,46),(3738,6,48),(3739,6,47),(3740,6,65),(3741,6,46),(3742,6,48),(3743,6,66),(3744,6,47),(3745,6,46),(3746,6,48),(3747,6,51),(3748,6,47),(3749,6,46),(3750,6,48),(3751,6,52),(3752,6,47),(3753,6,46),(3754,6,48),(3755,6,47),(3756,6,46),(3757,6,55),(3758,6,48),(3759,6,47),(3760,6,46),(3761,6,48),(3762,6,48),(3763,6,47),(3764,6,46),(3765,6,48),(3766,6,48),(3767,6,47),(3768,6,46),(3769,6,63),(3770,6,66),(3771,6,66),(3772,6,66),(3773,6,66),(3774,6,66),(3775,6,66),(3776,6,66),(3777,6,66),(3778,6,66),(3779,6,66),(3780,6,66),(3781,6,66),(3782,6,66),(3783,6,66),(3784,6,66),(3785,6,66),(3786,6,48),(3787,6,47),(3788,6,46),(3789,6,63),(3790,6,48),(3791,6,47),(3792,6,46),(3793,6,48),(3794,6,48),(3795,6,47),(3796,6,46),(3797,6,55),(3798,6,67),(3799,6,53),(3800,6,55),(3801,6,48),(3802,6,47),(3803,6,46),(3804,6,55),(3805,6,67),(3806,6,53),(3807,6,55),(3808,6,66),(3809,6,66),(3810,6,66),(3811,6,66),(3812,6,48),(3813,6,47),(3814,6,46),(3815,6,55),(3816,6,67),(3817,6,53),(3818,6,55),(3819,6,53),(3820,6,55),(3821,6,55),(3822,6,55),(3823,6,55),(3824,6,67),(3825,6,53),(3826,6,55),(3827,6,55),(3828,6,55),(3829,6,55),(3830,6,48),(3831,6,47),(3832,6,46),(3833,6,55),(3834,6,55),(3835,6,67),(3836,6,53),(3837,6,55),(3838,6,55),(3839,6,55),(3840,6,55),(3841,6,48),(3842,6,47),(3843,6,46),(3844,6,55),(3845,6,67),(3846,6,53),(3847,6,55),(3848,6,55),(3849,6,55),(3850,6,55),(3851,6,48),(3852,6,47),(3853,6,46),(3854,6,55),(3855,6,67),(3856,6,53),(3857,6,55),(3858,6,55),(3859,6,55),(3860,6,55),(3861,6,53),(3862,6,55),(3863,6,55),(3864,6,55),(3865,6,55),(3866,6,48),(3867,6,47),(3868,6,46),(3869,6,55),(3870,6,67),(3871,6,53),(3872,6,55),(3873,6,67),(3874,6,53),(3875,6,55),(3876,6,55),(3877,6,55),(3878,6,55),(3879,6,53),(3880,6,55),(3881,6,55),(3882,6,55),(3883,6,55),(3884,6,48),(3885,6,47),(3886,6,46),(3887,6,48),(3888,6,48),(3889,6,48),(3890,6,48),(3891,6,66),(3892,6,66),(3893,6,66),(3894,6,66),(3895,6,66),(3896,6,48),(3897,6,47),(3898,6,46),(3899,6,57),(3900,6,48),(3901,6,47),(3902,6,46),(3903,6,51),(3904,6,48),(3905,6,47),(3906,6,46),(3907,6,52),(3908,6,67),(3909,6,57),(3910,6,57),(3911,6,55),(3912,6,55),(3913,6,55),(3914,6,55),(3915,6,55),(3916,6,55),(3917,6,55),(3918,6,57),(3919,6,55),(3920,6,57),(3921,6,57),(3922,6,57),(3923,6,57),(3924,6,57),(3925,6,57),(3926,6,57),(3927,6,57),(3928,6,57),(3929,6,57),(3930,6,57),(3931,6,57),(3932,6,57),(3933,6,57),(3934,6,57),(3935,6,57),(3936,6,57),(3937,6,57),(3938,6,57),(3939,6,57),(3940,6,57),(3941,6,57),(3942,6,57),(3943,6,57),(3944,6,57),(3945,6,57),(3946,6,57),(3947,6,57),(3948,6,57),(3949,6,57),(3950,6,57),(3951,6,57),(3952,6,57),(3953,6,57),(3954,6,57),(3955,6,57),(3956,6,57),(3957,6,57),(3958,6,57),(3959,6,48),(3960,6,47),(3961,6,46),(3962,6,57),(3963,6,57),(3964,6,57),(3965,6,57),(3966,6,55),(3967,6,55),(3968,6,55),(3969,6,57),(3970,6,55),(3971,6,57),(3972,6,55),(3973,6,55),(3974,6,55),(3975,6,57),(3976,6,55),(3977,6,57),(3978,6,55),(3979,6,55),(3980,6,55),(3981,6,55),(3982,6,57),(3983,6,55),(3984,6,57),(3985,6,55),(3986,6,55),(3987,6,55),(3988,6,57),(3989,6,55),(3990,6,48),(3991,6,47),(3992,6,46),(3993,6,57),(3994,6,57),(3995,6,48),(3996,6,47),(3997,6,46),(3998,6,57),(3999,6,48),(4000,6,47),(4001,6,46),(4002,6,57),(4003,6,48),(4004,6,47),(4005,6,46),(4006,6,57),(4007,6,48),(4008,6,47),(4009,6,46),(4010,6,57),(4011,6,48),(4012,6,47),(4013,6,46),(4014,6,57),(4015,6,48),(4016,6,47),(4017,6,46),(4018,6,57),(4019,6,48),(4020,6,47),(4021,6,46),(4022,6,57),(4023,6,48),(4024,6,47),(4025,6,46),(4026,6,57),(4027,6,48),(4028,6,47),(4029,6,46),(4030,6,48),(4031,6,48),(4032,6,47),(4033,6,46),(4034,6,63),(4035,6,48),(4036,6,47),(4037,6,46),(4038,6,55),(4039,6,67),(4040,6,53),(4041,6,55),(4042,6,48),(4043,6,47),(4044,6,46),(4045,6,57),(4046,6,48),(4047,6,47),(4048,6,46),(4049,6,57),(4050,6,48),(4051,6,47),(4052,6,46),(4053,6,57),(4054,6,48),(4055,6,47),(4056,6,46),(4057,6,57),(4058,6,48),(4059,6,47),(4060,6,46),(4061,6,57),(4062,6,48),(4063,6,47),(4064,6,46),(4065,6,57),(4066,6,48),(4067,6,47),(4068,6,46),(4069,6,57),(4070,6,48),(4071,6,47),(4072,6,46),(4073,6,57),(4074,6,48),(4075,6,47),(4076,6,46),(4077,6,57),(4078,6,48),(4079,6,47),(4080,6,46),(4081,6,57),(4082,6,48),(4083,6,47),(4084,6,46),(4085,6,55),(4086,6,67),(4087,6,53),(4088,6,55),(4089,6,48),(4090,6,47),(4091,6,46),(4092,6,57),(4093,6,48),(4094,6,47),(4095,6,46),(4096,6,57),(4097,6,48),(4098,6,47),(4099,6,46),(4100,6,57),(4101,6,48),(4102,6,47),(4103,6,46),(4104,6,57),(4105,6,48),(4106,6,47),(4107,6,46),(4108,6,57),(4109,6,48),(4110,6,47),(4111,6,46),(4112,6,57),(4113,6,48),(4114,6,47),(4115,6,46),(4116,6,57),(4117,6,57),(4118,6,48),(4119,6,47),(4120,6,46),(4121,6,57),(4122,6,66),(4123,6,48),(4124,6,47),(4125,6,46),(4126,6,57),(4127,6,48),(4128,6,47),(4129,6,46),(4130,6,57),(4131,6,48),(4132,6,47),(4133,6,46),(4134,6,57),(4135,6,48),(4136,6,47),(4137,6,46),(4138,6,57),(4139,6,57),(4140,6,48),(4141,6,47),(4142,6,46),(4143,6,57),(4144,6,48),(4145,6,47),(4146,6,46),(4147,6,48),(4148,6,48),(4149,6,47),(4150,6,46),(4151,6,57),(4152,6,57),(4153,6,48),(4154,6,47),(4155,6,46),(4156,6,57),(4157,6,48),(4158,6,47),(4159,6,46),(4160,6,57),(4161,6,57),(4162,6,48),(4163,6,47),(4164,6,46),(4165,6,57),(4166,6,48),(4167,6,47),(4168,6,46),(4169,6,57),(4170,6,57),(4171,6,57),(4172,6,48),(4173,6,47),(4174,6,46),(4175,6,57),(4176,6,57),(4177,6,57),(4178,6,66),(4179,6,66),(4180,6,66),(4181,6,48),(4182,6,47),(4183,6,46),(4184,6,57),(4185,6,48),(4186,6,47),(4187,6,46),(4188,6,57),(4189,6,57),(4190,6,57),(4191,6,57),(4192,6,57),(4193,6,48),(4194,6,47),(4195,6,46),(4196,6,48),(4197,6,48),(4198,6,48),(4199,6,48),(4200,6,66),(4201,6,66),(4202,6,66),(4203,6,66),(4204,6,66),(4205,6,48),(4206,6,47),(4207,6,46),(4208,6,57),(4209,6,57),(4210,6,57),(4211,6,66),(4212,6,48),(4213,6,47),(4214,6,46),(4215,6,57),(4216,6,57),(4217,6,57),(4218,6,66),(4219,6,48),(4220,6,47),(4221,6,66),(4222,6,46),(4223,6,66),(4224,6,66),(4225,6,66),(4226,6,66),(4227,6,66),(4228,6,66),(4229,6,66),(4230,6,66),(4231,6,66),(4232,6,66),(4233,6,66),(4234,6,66),(4235,6,66),(4236,6,66),(4237,6,66),(4238,6,66),(4239,6,66),(4240,6,66),(4241,6,66),(4242,6,66),(4243,6,66),(4244,6,66),(4245,6,48),(4246,6,66),(4247,6,47),(4248,6,46),(4249,6,66),(4250,6,66),(4251,6,66),(4252,6,66),(4253,6,66),(4254,6,66),(4255,6,66),(4256,6,66),(4257,6,66),(4258,6,66),(4259,6,66),(4260,6,66),(4261,6,48),(4262,6,47),(4263,6,46),(4264,6,52),(4265,6,48),(4266,6,47),(4267,6,46),(4268,6,52),(4269,6,67),(4270,6,67),(4271,6,52),(4272,6,52),(4273,6,67),(4274,6,52),(4275,6,52),(4276,6,67),(4277,6,52),(4278,6,52),(4279,6,67),(4280,6,52),(4281,6,52),(4282,6,67),(4283,6,52),(4284,6,52),(4285,6,67),(4286,6,52),(4287,6,52),(4288,6,67),(4289,6,52),(4290,6,52),(4291,6,67),(4292,6,52),(4293,6,52),(4294,6,67),(4295,6,52),(4296,6,52),(4297,6,67),(4298,6,52),(4299,6,52),(4300,6,67),(4301,6,52),(4302,6,52),(4303,6,67),(4304,6,52),(4305,6,52),(4306,6,48),(4307,6,47),(4308,6,46),(4309,6,52),(4310,6,67),(4311,6,52),(4312,6,52),(4313,6,67),(4314,6,67),(4315,6,52),(4316,6,52),(4317,6,48),(4318,6,47),(4319,6,46),(4320,6,52),(4321,6,67),(4322,6,52),(4323,6,52),(4324,6,66),(4325,6,67),(4326,6,52),(4327,6,52),(4328,6,66),(4329,6,48),(4330,6,47),(4331,6,46),(4332,6,48),(4333,6,47),(4334,6,46),(4335,6,51),(4336,6,48),(4337,6,47),(4338,6,46),(4339,6,51),(4340,6,48),(4341,6,47),(4342,6,46),(4343,6,51),(4344,6,48),(4345,6,47),(4346,6,46),(4347,6,51),(4348,6,67),(4349,6,67),(4350,6,51),(4351,6,51),(4352,6,48),(4353,6,47),(4354,6,46),(4355,6,51),(4356,6,67),(4357,6,51),(4358,6,51),(4359,6,48),(4360,6,47),(4361,6,46),(4362,6,51),(4363,6,67),(4364,6,51),(4365,6,51),(4366,6,67),(4367,6,51),(4368,6,51),(4369,6,67),(4370,6,51),(4371,6,51),(4372,6,67),(4373,6,51),(4374,6,51),(4375,6,67),(4376,6,51),(4377,6,51),(4378,6,48),(4379,6,47),(4380,6,46),(4381,6,51),(4382,6,67),(4383,6,67),(4384,6,51),(4385,6,51),(4386,6,66),(4387,6,48),(4388,6,47),(4389,6,46),(4390,6,57),(4391,6,48),(4392,6,47),(4393,6,46),(4394,6,57),(4395,6,48),(4396,6,47),(4397,6,46),(4398,6,57),(4399,6,48),(4400,6,47),(4401,6,46),(4402,6,57),(4403,6,48),(4404,6,47),(4405,6,46),(4406,6,57),(4407,6,57),(4408,6,57),(4409,6,57),(4410,6,48),(4411,6,47),(4412,6,46),(4413,6,57),(4414,6,48),(4415,6,47),(4416,6,46),(4417,6,47),(4418,6,48),(4419,6,47),(4420,6,46),(4421,6,57),(4422,6,57),(4423,6,57),(4424,6,57),(4425,6,57),(4426,6,57),(4427,6,57),(4428,6,57),(4429,6,57),(4430,6,66),(4431,6,66),(4432,6,66),(4433,6,57),(4434,6,48),(4435,6,57),(4436,6,55),(4437,6,57),(4438,6,55),(4439,6,57),(4440,6,55),(4441,6,57),(4442,6,55),(4443,6,57),(4444,6,55),(4445,6,57),(4446,6,55),(4447,6,57),(4448,6,48),(4449,6,57),(4450,6,55),(4451,6,57),(4452,6,55),(4453,6,57),(4454,6,55),(4455,6,57),(4456,6,55),(4457,6,57),(4458,6,55),(4459,6,57),(4460,6,55),(4461,6,57),(4462,6,48),(4463,6,57),(4464,6,55),(4465,6,57),(4466,6,55),(4467,6,57),(4468,6,55),(4469,6,57),(4470,6,55),(4471,6,57),(4472,6,55),(4473,6,57),(4474,6,55),(4475,6,57),(4476,6,48),(4477,6,57),(4478,6,55),(4479,6,57),(4480,6,55),(4481,6,57),(4482,6,55),(4483,6,57),(4484,6,55),(4485,6,57),(4486,6,55),(4487,6,57),(4488,6,55),(4489,6,57),(4490,6,48),(4491,6,57),(4492,6,55),(4493,6,57),(4494,6,55),(4495,6,57),(4496,6,55),(4497,6,57),(4498,6,55),(4499,6,57),(4500,6,55),(4501,6,57),(4502,6,55),(4503,6,57),(4504,6,48),(4505,6,57),(4506,6,55),(4507,6,57),(4508,6,55),(4509,6,57),(4510,6,55),(4511,6,57),(4512,6,55),(4513,6,57),(4514,6,55),(4515,6,57),(4516,6,55),(4517,6,57),(4518,6,48),(4519,6,57),(4520,6,55),(4521,6,57),(4522,6,55),(4523,6,57),(4524,6,55),(4525,6,57),(4526,6,55),(4527,6,57),(4528,6,55),(4529,6,57),(4530,6,55),(4531,6,48),(4532,6,47),(4533,6,46),(4534,6,57),(4535,6,57),(4536,6,55),(4537,6,55),(4538,6,55),(4539,6,55),(4540,6,55),(4541,6,55),(4542,6,55),(4543,6,55),(4544,6,55),(4545,6,55),(4546,6,55),(4547,6,55),(4548,6,55),(4549,6,55),(4550,6,55),(4551,6,55),(4552,6,55),(4553,6,55),(4554,6,55),(4555,6,55),(4556,6,57),(4557,6,55),(4558,6,57),(4559,6,48),(4560,6,57),(4561,6,55),(4562,6,57),(4563,6,55),(4564,6,57),(4565,6,55),(4566,6,57),(4567,6,55),(4568,6,57),(4569,6,55),(4570,6,57),(4571,6,55),(4572,6,57),(4573,6,55),(4574,6,57),(4575,6,55),(4576,6,57),(4577,6,48),(4578,6,57),(4579,6,55),(4580,6,57),(4581,6,55),(4582,6,57),(4583,6,55),(4584,6,57),(4585,6,55),(4586,6,57),(4587,6,55),(4588,6,57),(4589,6,55),(4590,6,57),(4591,6,55),(4592,6,57),(4593,6,55),(4594,6,57),(4595,6,48),(4596,6,57),(4597,6,55),(4598,6,57),(4599,6,55),(4600,6,57),(4601,6,55),(4602,6,57),(4603,6,55),(4604,6,57),(4605,6,55),(4606,6,57),(4607,6,55),(4608,6,57),(4609,6,55),(4610,6,57),(4611,6,55),(4612,6,57),(4613,6,48),(4614,6,57),(4615,6,55),(4616,6,57),(4617,6,55),(4618,6,57),(4619,6,55),(4620,6,57),(4621,6,55),(4622,6,57),(4623,6,55),(4624,6,57),(4625,6,55),(4626,6,57),(4627,6,55),(4628,6,57),(4629,6,55),(4630,6,57),(4631,6,48),(4632,6,57),(4633,6,55),(4634,6,57),(4635,6,55),(4636,6,57),(4637,6,55),(4638,6,57),(4639,6,55),(4640,6,57),(4641,6,55),(4642,6,57),(4643,6,55),(4644,6,57),(4645,6,55),(4646,6,57),(4647,6,55),(4648,6,57),(4649,6,48),(4650,6,57),(4651,6,55),(4652,6,57),(4653,6,55),(4654,6,57),(4655,6,55),(4656,6,57),(4657,6,55),(4658,6,57),(4659,6,55),(4660,6,57),(4661,6,55),(4662,6,57),(4663,6,55),(4664,6,57),(4665,6,55),(4666,6,57),(4667,6,55),(4668,6,57),(4669,6,55),(4670,6,57),(4671,6,48),(4672,6,57),(4673,6,55),(4674,6,57),(4675,6,55),(4676,6,57),(4677,6,55),(4678,6,57),(4679,6,55),(4680,6,57),(4681,6,55),(4682,6,57),(4683,6,55),(4684,6,57),(4685,6,55),(4686,6,57),(4687,6,55),(4688,6,57),(4689,6,48),(4690,6,57),(4691,6,55),(4692,6,57),(4693,6,55),(4694,6,57),(4695,6,55),(4696,6,57),(4697,6,55),(4698,6,57),(4699,6,55),(4700,6,57),(4701,6,55),(4702,6,57),(4703,6,55),(4704,6,57),(4705,6,55),(4706,6,57),(4707,6,48),(4708,6,57),(4709,6,55),(4710,6,57),(4711,6,55),(4712,6,57),(4713,6,55),(4714,6,57),(4715,6,55),(4716,6,57),(4717,6,55),(4718,6,57),(4719,6,55),(4720,6,57),(4721,6,55),(4722,6,57),(4723,6,55),(4724,6,57),(4725,6,48),(4726,6,57),(4727,6,55),(4728,6,57),(4729,6,55),(4730,6,57),(4731,6,55),(4732,6,57),(4733,6,55),(4734,6,57),(4735,6,55),(4736,6,57),(4737,6,55),(4738,6,57),(4739,6,48),(4740,6,57),(4741,6,55),(4742,6,57),(4743,6,55),(4744,6,57),(4745,6,55),(4746,6,57),(4747,6,55),(4748,6,57),(4749,6,55),(4750,6,57),(4751,6,55),(4752,6,57),(4753,6,55),(4754,6,57),(4755,6,55),(4756,6,57),(4757,6,48),(4758,6,57),(4759,6,55),(4760,6,57),(4761,6,55),(4762,6,57),(4763,6,55),(4764,6,57),(4765,6,55),(4766,6,57),(4767,6,55),(4768,6,57),(4769,6,55),(4770,6,57),(4771,6,55),(4772,6,57),(4773,6,55),(4774,6,57),(4775,6,48),(4776,6,57),(4777,6,55),(4778,6,57),(4779,6,55),(4780,6,57),(4781,6,55),(4782,6,57),(4783,6,55),(4784,6,57),(4785,6,55),(4786,6,57),(4787,6,55),(4788,6,57),(4789,6,55),(4790,6,57),(4791,6,55),(4792,6,57),(4793,6,48),(4794,6,57),(4795,6,55),(4796,6,57),(4797,6,55),(4798,6,57),(4799,6,55),(4800,6,57),(4801,6,55),(4802,6,57),(4803,6,55),(4804,6,57),(4805,6,55),(4806,6,57),(4807,6,55),(4808,6,57),(4809,6,55),(4810,6,57),(4811,6,48),(4812,6,57),(4813,6,55),(4814,6,57),(4815,6,55),(4816,6,57),(4817,6,55),(4818,6,57),(4819,6,55),(4820,6,57),(4821,6,55),(4822,6,57),(4823,6,55),(4824,6,57),(4825,6,55),(4826,6,57),(4827,6,55),(4828,6,48),(4829,6,47),(4830,6,46),(4831,6,55),(4832,6,55),(4833,6,55),(4834,6,67),(4835,6,53),(4836,6,53),(4837,6,55),(4838,6,55),(4839,6,55),(4840,6,55),(4841,6,57),(4842,6,55),(4843,6,55),(4844,6,55),(4845,6,57),(4846,6,55),(4847,6,57),(4848,6,48),(4849,6,57),(4850,6,55),(4851,6,57),(4852,6,55),(4853,6,57),(4854,6,55),(4855,6,57),(4856,6,55),(4857,6,57),(4858,6,55),(4859,6,57),(4860,6,55),(4861,6,57),(4862,6,55),(4863,6,57),(4864,6,55),(4865,6,57),(4866,6,48),(4867,6,57),(4868,6,55),(4869,6,57),(4870,6,55),(4871,6,57),(4872,6,55),(4873,6,57),(4874,6,55),(4875,6,57),(4876,6,55),(4877,6,57),(4878,6,55),(4879,6,57),(4880,6,55),(4881,6,57),(4882,6,55),(4883,6,55),(4884,6,55),(4885,6,55),(4886,6,55),(4887,6,55),(4888,6,55),(4889,6,55),(4890,6,55),(4891,6,55),(4892,6,55),(4893,6,48),(4894,6,47),(4895,6,46),(4896,6,55),(4897,6,55),(4898,6,55),(4899,6,55),(4900,6,55),(4901,6,55),(4902,6,55),(4903,6,55),(4904,6,55),(4905,6,55),(4906,6,55),(4907,6,55),(4908,6,55),(4909,6,55),(4910,6,55),(4911,6,48),(4912,6,47),(4913,6,46),(4914,6,55),(4915,6,55),(4916,6,48),(4917,6,47),(4918,6,46),(4919,6,48),(4920,6,47),(4921,6,46),(4922,6,47),(4923,6,48),(4924,6,47),(4925,6,46),(4926,6,55),(4927,6,67),(4928,6,53),(4929,6,55),(4930,6,55),(4931,6,55),(4932,6,55),(4933,6,55),(4934,6,55),(4935,6,55),(4936,6,53),(4937,6,55),(4938,6,55),(4939,6,55),(4940,6,55),(4941,6,53),(4942,6,55),(4943,6,55),(4944,6,55),(4945,6,55),(4946,6,53),(4947,6,55),(4948,6,55),(4949,6,55),(4950,6,55),(4951,6,66),(4952,6,48),(4953,6,47),(4954,6,46),(4955,6,55),(4956,6,48),(4957,6,47),(4958,6,46),(4959,6,52),(4960,6,48),(4961,6,47),(4962,6,46),(4963,6,51),(4964,6,67),(4965,6,51),(4966,6,51),(4967,6,48),(4968,6,47),(4969,6,46),(4970,6,67),(4971,6,52),(4972,6,51),(4973,6,54),(4974,6,67),(4975,6,53),(4976,6,55),(4977,6,55),(4978,6,55),(4979,6,55),(4980,6,66),(4981,6,67),(4982,6,51),(4983,6,51),(4984,6,48),(4985,6,47),(4986,6,46),(4987,6,55),(4988,6,48),(4989,6,47),(4990,6,46),(4991,6,57),(4992,6,57),(4993,6,55),(4994,6,55),(4995,6,55),(4996,6,55),(4997,6,55),(4998,6,55),(4999,6,48),(5000,6,47),(5001,6,46),(5002,6,47),(5003,6,47),(5004,6,46),(5005,6,47),(5006,6,46),(5007,6,48),(5008,6,47),(5009,6,46),(5010,6,57),(5011,6,48),(5012,6,47),(5013,6,46),(5014,6,48),(5015,6,47),(5016,6,46),(5017,6,66),(5018,6,66);
/*!40000 ALTER TABLE `l_user_operate` ENABLE KEYS */;
UNLOCK TABLES;

--
-- Table structure for table `r_category`
--

DROP TABLE IF EXISTS `r_category`;
/*!40101 SET @saved_cs_client     = @@character_set_client */;
/*!40101 SET character_set_client = utf8 */;
CREATE TABLE `r_category` (
  `id` int(11) NOT NULL AUTO_INCREMENT COMMENT 'id',
  `name` varchar(45) NOT NULL COMMENT '类别名称',
  `groupId` int(11) NOT NULL COMMENT '所属分组id',
  `ord` int(11) DEFAULT NULL,
  `remark` text,
  PRIMARY KEY (`id`),
  KEY `category_group_fk_idx` (`groupId`),
  CONSTRAINT `category_group_fk` FOREIGN KEY (`groupId`) REFERENCES `r_group` (`id`) ON DELETE CASCADE ON UPDATE NO ACTION
) ENGINE=InnoDB AUTO_INCREMENT=21 DEFAULT CHARSET=utf8 COMMENT='类别表';
/*!40101 SET character_set_client = @saved_cs_client */;

--
-- Dumping data for table `r_category`
--

LOCK TABLES `r_category` WRITE;
/*!40000 ALTER TABLE `r_category` DISABLE KEYS */;
INSERT INTO `r_category` VALUES (12,'视频',7,1,''),(13,'朗读材料',7,2,''),(14,'单词听写',7,3,''),(15,'在线教材',7,4,''),(16,'视频',8,5,''),(17,'文档',8,6,''),(18,'书籍',8,7,''),(19,'课件',8,8,''),(20,'讲义',8,9,'');
/*!40000 ALTER TABLE `r_category` ENABLE KEYS */;
UNLOCK TABLES;

--
-- Table structure for table `r_course`
--

DROP TABLE IF EXISTS `r_course`;
/*!40101 SET @saved_cs_client     = @@character_set_client */;
/*!40101 SET character_set_client = utf8 */;
CREATE TABLE `r_course` (
  `id` int(11) NOT NULL AUTO_INCREMENT COMMENT 'id',
  `name` varchar(80) NOT NULL COMMENT '课程名称',
  `gradeId` int(11) NOT NULL COMMENT '课程所在年级的id',
  `subjectId` int(11) NOT NULL COMMENT '课程所在科目的id',
  `remark` text,
  `imageUrl` varchar(255) DEFAULT NULL,
  PRIMARY KEY (`id`),
  KEY `gradeId_idx` (`gradeId`),
  KEY `fk_course_subject_idx` (`subjectId`),
  CONSTRAINT `fk_course_grade` FOREIGN KEY (`gradeId`) REFERENCES `r_grade` (`id`) ON DELETE CASCADE ON UPDATE NO ACTION,
  CONSTRAINT `fk_course_subject` FOREIGN KEY (`subjectId`) REFERENCES `r_subject` (`id`) ON DELETE CASCADE ON UPDATE NO ACTION
) ENGINE=InnoDB AUTO_INCREMENT=64 DEFAULT CHARSET=utf8 COMMENT='课程表';
/*!40101 SET character_set_client = @saved_cs_client */;

--
-- Dumping data for table `r_course`
--

LOCK TABLES `r_course` WRITE;
/*!40000 ALTER TABLE `r_course` DISABLE KEYS */;
INSERT INTO `r_course` VALUES (27,'第一课 画',19,10,'',NULL),(28,'第二课 四季',19,10,'',NULL),(29,'第三课 小小竹排画中游',19,10,'',NULL),(30,'第四课 哪座房子最漂亮',19,10,'',NULL),(31,'第一章 平面知识的认识',19,11,'',NULL),(32,'第二章 认识人民币',19,11,'',NULL),(33,'第一章 整数的加减',20,11,'',NULL),(34,'第二章 认识时间',20,11,'',NULL),(35,'第一章 整数的乘除',21,11,'',NULL),(36,'第一章 基本图形的认识',22,11,'',NULL),(37,'第一章 三角形的认识',23,11,'',NULL),(38,'第一章 圆形的认识',24,11,'',NULL),(39,'第一章 小数点的四舍五入',24,11,'',NULL),(40,'第一课 爷爷和小树',20,10,'',NULL),(41,'第一课 小小的船',21,10,'',NULL),(42,'第一课 阳光',23,10,'',NULL),(43,'第一课 影子',24,10,'',NULL),(44,'第一课 比尾巴',24,10,'',NULL),(45,'第一章 红黑树',25,18,'',NULL),(46,'第二章 拓扑排序',25,18,'',NULL),(47,'线性表',26,19,'',NULL),(48,'数组',27,20,'',NULL),(49,'极限思想',28,21,'',NULL),(50,'初等行列式的变换',28,22,'',NULL),(51,'深度搜索',28,19,'',NULL),(52,'二维数组',27,19,'',NULL),(53,'第二课 雪孩子',19,13,'',NULL),(54,'认识自行车',19,13,'',NULL),(55,'汽车的科学',19,13,'',NULL),(56,'小步舞曲',19,15,'',NULL),(57,'大进行曲',19,15,'',NULL),(58,'交通工具的发展',19,17,'',NULL),(59,'轮滑',19,14,'',NULL),(60,'热爱祖国',19,35,'',NULL),(61,'微积分',20,11,'',NULL),(62,'快速排序',29,18,'',NULL),(63,'认识语文',31,36,'',NULL);
/*!40000 ALTER TABLE `r_course` ENABLE KEYS */;
UNLOCK TABLES;

--
-- Table structure for table `r_grade`
--

DROP TABLE IF EXISTS `r_grade`;
/*!40101 SET @saved_cs_client     = @@character_set_client */;
/*!40101 SET character_set_client = utf8 */;
CREATE TABLE `r_grade` (
  `id` int(11) NOT NULL AUTO_INCREMENT COMMENT 'id',
  `name` varchar(45) NOT NULL COMMENT '年级名称',
  `groupId` int(11) NOT NULL COMMENT '分组id',
  `isDisplay` int(11) DEFAULT '0',
  `remark` text,
  PRIMARY KEY (`id`),
  KEY `grade_group_fk_idx` (`groupId`),
  CONSTRAINT `grade_group_fk` FOREIGN KEY (`groupId`) REFERENCES `r_group` (`id`) ON DELETE CASCADE ON UPDATE NO ACTION
) ENGINE=InnoDB AUTO_INCREMENT=32 DEFAULT CHARSET=utf8 COMMENT='年级表';
/*!40101 SET character_set_client = @saved_cs_client */;

--
-- Dumping data for table `r_grade`
--

LOCK TABLES `r_grade` WRITE;
/*!40000 ALTER TABLE `r_grade` DISABLE KEYS */;
INSERT INTO `r_grade` VALUES (19,'一年级',7,6,''),(20,'二年级',7,5,''),(21,'三年级',7,4,''),(22,'四年级',7,3,''),(23,'五年级',7,2,''),(24,'六年级',7,1,''),(25,'计算机',8,6,''),(26,'计算数学',8,5,''),(27,'大学三年级',8,4,''),(28,'应用数学',8,3,''),(29,'大学五年级',8,2,''),(30,'七年级',7,0,''),(31,'大学六年级',8,1,'');
/*!40000 ALTER TABLE `r_grade` ENABLE KEYS */;
UNLOCK TABLES;

--
-- Table structure for table `r_group`
--

DROP TABLE IF EXISTS `r_group`;
/*!40101 SET @saved_cs_client     = @@character_set_client */;
/*!40101 SET character_set_client = utf8 */;
CREATE TABLE `r_group` (
  `id` int(11) NOT NULL AUTO_INCREMENT COMMENT '分组id',
  `name` varchar(100) NOT NULL COMMENT '分组名字',
  `style` int(11) DEFAULT NULL COMMENT '分组前台样式',
  `isDisplay` int(11) NOT NULL COMMENT '是否显示在主界面',
  `remark` text COMMENT '备注',
  PRIMARY KEY (`id`)
) ENGINE=InnoDB AUTO_INCREMENT=9 DEFAULT CHARSET=utf8 COMMENT='分组表，一个组代表一个栏目。比如大学，小学。';
/*!40101 SET character_set_client = @saved_cs_client */;

--
-- Dumping data for table `r_group`
--

LOCK TABLES `r_group` WRITE;
/*!40000 ALTER TABLE `r_group` DISABLE KEYS */;
INSERT INTO `r_group` VALUES (7,'小学资源库',1,1,''),(8,'大学资源库',1,1,'');
/*!40000 ALTER TABLE `r_group` ENABLE KEYS */;
UNLOCK TABLES;

--
-- Table structure for table `r_source`
--

DROP TABLE IF EXISTS `r_source`;
/*!40101 SET @saved_cs_client     = @@character_set_client */;
/*!40101 SET character_set_client = utf8 */;
CREATE TABLE `r_source` (
  `id` int(11) NOT NULL AUTO_INCREMENT COMMENT 'id',
  `name` varchar(45) NOT NULL COMMENT '资源名称',
  `courseId` int(11) NOT NULL COMMENT '属于的课程的id',
  `keyWords` text COMMENT '关键字列表，用"；"分隔',
  `mediaType` varchar(45) DEFAULT NULL COMMENT '媒体类型，如：文本，ppt，视频等',
  `mediaFormat` varchar(45) DEFAULT NULL COMMENT '媒体格式，如：jpg，mp4等',
  `playTime` varchar(20) DEFAULT NULL COMMENT '播放时间，只有视频拥有这个属性',
  `fileSize` float(7,2) DEFAULT NULL COMMENT '文件大小',
  `author` varchar(255) DEFAULT NULL COMMENT '作者',
  `publisher` text COMMENT '出版社',
  `description` text COMMENT '描述',
  `createDate` datetime DEFAULT NULL COMMENT '创建时间',
  `approvalStatus` varchar(45) DEFAULT '0' COMMENT '审核状态',
  `price` double DEFAULT '0' COMMENT '价格',
  `viewTimes` int(11) DEFAULT '0' COMMENT '访问次数',
  `useTimes` int(11) DEFAULT '0' COMMENT '下载或者使用次数',
  `url` varchar(255) NOT NULL,
  `createUserId` int(11) DEFAULT NULL,
  `createUserName` varchar(45) DEFAULT NULL COMMENT '创建者名字',
  PRIMARY KEY (`id`),
  KEY `fk_source_course_idx` (`courseId`),
  CONSTRAINT `fk_source_course` FOREIGN KEY (`courseId`) REFERENCES `r_course` (`id`) ON DELETE CASCADE ON UPDATE NO ACTION
) ENGINE=InnoDB AUTO_INCREMENT=94 DEFAULT CHARSET=utf8 COMMENT='资源表';
/*!40101 SET character_set_client = @saved_cs_client */;

--
-- Dumping data for table `r_source`
--

LOCK TABLES `r_source` WRITE;
/*!40000 ALTER TABLE `r_source` DISABLE KEYS */;
INSERT INTO `r_source` VALUES (38,'画',27,'画','声音','sh','',1.00,'','','','2013-12-28 11:34:34','0',0,9,6,'sh\\201312281133565startup.sh',6,'管理员'),(39,'四季',28,'四季','视频','sh','',5.00,'','','','2013-12-28 11:35:02','0',0,4,3,'sh\\201312281134456version.sh',6,'管理员'),(40,'小小竹排画中游',29,'小小竹排画中游','文档','js','',2.00,'','','','2013-12-28 11:35:36','0',0,4,3,'js\\201312281135118jquery-1.2.1.js',6,'管理员'),(41,'平面图形',31,'平面图形','程序','rar','',11.00,'','','','2013-12-28 11:36:21','0',0,4,2,'rar\\201312281135432html3.rar',6,'管理员'),(42,'tomcate',40,'tomcate','视频','bat','',2.00,'','','','2013-12-28 11:36:54','0',0,4,1,'bat\\201312281136369startup.bat',6,'管理员'),(43,'小小的船',41,'2131;小小的船','视频','gz','',1.00,'','','','2013-12-28 11:37:22','0',0,4,0,'gz\\201312281137006tomcat-native.tar.gz',6,'管理员'),(44,'234234',36,'234234','动画','sh','',15.00,'','','','2013-12-28 11:37:47','0',0,4,0,'sh\\201312281137293version.sh',6,'管理员'),(45,'werwe',45,'werwe','动画','gz','',2.00,'','','','2013-12-28 11:38:05','0',0,4,0,'gz\\201312281137535tomcat-native.tar.gz',6,'管理员'),(46,'线性表',47,'线性表','动画','bat','',2.12,'','','','2013-12-28 11:38:28','0',0,4,0,'bat\\201312281138137service.bat',6,'管理员'),(47,'二维数组',52,'二维数组','视频','sh','',12.10,'','','','2013-12-28 11:39:07','0',0,4,0,'sh\\201312281138355digest.sh',6,'管理员'),(48,'恶趣味',51,'驱蚊器;恶趣味','','sh','',2.10,'','','','2013-12-28 11:39:28','0',0,4,0,'sh\\201312281139132version.sh',6,'管理员'),(49,'1423432423',50,'1423432423','图片','js','',45.40,'','','','2013-12-30 21:10:46','0',0,0,0,'js\\201312302110309jquery-1.2.1.js',6,'管理员'),(50,'1423432423',50,'1423432423','图片','js','',2.00,'','','','2013-12-30 21:10:48','0',0,0,0,'js\\201312302110309jquery-1.2.1.js',6,'管理员'),(51,'1423432423',50,'1423432423','图片','js','',23.00,'','','','2013-12-30 21:11:07','0',0,0,0,'js\\201312302110309jquery-1.2.1.js',6,'管理员'),(52,'1423432423',50,'1423432423','图片','js','',1254.00,'','','','2013-12-30 21:11:07','0',0,0,0,'js\\201312302110309jquery-1.2.1.js',6,'管理员'),(53,'1423432423',50,'1423432423','图片','js','',0.40,'','','','2013-12-30 21:11:08','0',0,0,0,'js\\201312302110309jquery-1.2.1.js',6,'管理员'),(54,'1423432423',50,'1423432423','图片','js','',12.40,'','','','2013-12-30 21:11:31','0',0,0,0,'js\\201312302110309jquery-1.2.1.js',6,'管理员'),(55,'1423432423',50,'1423432423','图片','js','',62.00,'','','','2013-12-30 21:11:31','0',0,0,0,'js\\201312302110309jquery-1.2.1.js',6,'管理员'),(56,'1423432423',50,'1423432423','图片','js','',8.00,'','','','2013-12-30 21:11:31','0',0,0,0,'js\\201312302110309jquery-1.2.1.js',6,'管理员'),(57,'1423432423',50,'1423432423','图片','js','',2.00,'','','','2013-12-30 21:11:32','0',0,0,0,'js\\201312302110309jquery-1.2.1.js',6,'管理员'),(58,'1423432423',50,'1423432423','图片','js','',8.12,'','','','2013-12-30 21:11:33','0',0,0,0,'js\\201312302110309jquery-1.2.1.js',6,'管理员'),(59,'1423432423',50,'1423432423','图片','js','',12.00,'','','','2013-12-30 21:11:44','0',0,0,0,'js\\201312302110309jquery-1.2.1.js',6,'管理员'),(60,'1423432423',50,'1423432423','图片','js','',45.80,'','','','2013-12-30 21:11:45','0',0,0,0,'js\\201312302110309jquery-1.2.1.js',6,'管理员'),(61,'1423432423',50,'1423432423','图片','js','',1.20,'','','','2013-12-30 21:11:45','0',0,0,0,'js\\201312302110309jquery-1.2.1.js',6,'管理员'),(62,'1423432423',50,'1423432423','图片','js','',4.20,'','','','2013-12-30 21:11:45','0',0,0,0,'js\\201312302110309jquery-1.2.1.js',6,'管理员'),(63,'1423432423',50,'1423432423','图片','js','',15.60,'','','','2013-12-30 21:11:46','0',0,0,0,'js\\201312302110309jquery-1.2.1.js',6,'管理员'),(64,'qweqw',42,'qweqw','声音','js','',62.00,'','','','2013-12-30 21:15:28','0',0,0,2,'js\\201312302115131jquery-1.2.1.js',6,'管理员'),(65,'qweqw',42,'qweqw','声音','js','',83.00,'','','','2013-12-30 21:15:29','0',0,0,0,'js\\201312302115131jquery-1.2.1.js',6,'管理员'),(66,'2342',44,'2342','图片','gz','',11.00,'','','','2013-12-31 10:53:30','0',0,0,0,'gz\\201312311053143poi-bin-3.10-beta2-20130904.tar.gz',6,'管理员'),(67,'123123',44,'123123','','js','',3.00,'','','','2013-12-31 10:54:25','0',0,0,0,'js\\201312311054152sockjs-0.3.min.js',6,'管理员'),(68,'123123',44,'123123','动画','gz','',1.00,'','','','2013-12-31 10:59:36','0',0,0,0,'gz\\201312311059146poi-bin-3.10-beta2-20130904.tar.gz',6,'管理员'),(69,'2312',44,'2131','动画','js','',12.00,'','','','2013-12-31 11:06:10','0',0,0,0,'js\\201312311105562jquery-2.0.0.js',6,'管理员'),(70,'343534534',44,'343534534','','js','',111.00,'','','','2013-12-31 11:08:37','0',0,0,0,'js\\2013123111082710jquery-2.0.3.js',6,'管理员'),(71,'234234',38,'234234','','js','',62.00,'','','','2013-12-31 11:09:26','0',0,0,0,'js\\201312311109242jquery-1.2.1.js',6,'管理员'),(72,'534534',37,'534534','','rar','',1.00,'','','','2013-12-31 11:13:27','0',0,0,0,'rar\\201312311113166html3.rar',6,'管理员'),(73,'hfgh',37,'hfgh','','rar','',111.00,'','','','2013-12-31 11:15:06','0',0,0,0,'rar\\201312311114520html3.rar',6,'管理员'),(74,'生活大爆炸 第七季第一集',49,'搞笑;;生活大爆炸 第七季第一集','视频','mp4','',231.00,'','美剧','','2014-01-01 20:48:43','0',0,0,1,'mp4\\201401012047055201311241909381test.mp4',6,'管理员'),(75,'雪孩子',53,'雪孩子','图片','png','',15.00,'','','','2014-01-02 14:24:16','0',0,0,0,'png\\201401021423544file_icon_ppt.png',6,'管理员'),(76,'雪孩子',53,'雪孩子','图片','png','',165.00,'','','','2014-01-02 14:24:17','0',0,0,0,'png\\201401021423544file_icon_ppt.png',6,'管理员'),(77,'轮滑',59,'轮滑','视频','jpg','',11.00,'','','','2014-01-02 14:24:43','0',0,0,0,'jpg\\201401021424229topic_小学_电脑.jpg',6,'管理员'),(78,'小步舞曲',56,'小步舞曲','图片','jpg','',11.00,'','','','2014-01-02 14:25:35','0',0,0,0,'jpg\\2014010214251111.jpg',6,'管理员'),(80,'热爱祖国',60,'热爱祖国','视频','doc','',2.10,'','','','2014-01-02 14:33:53','0',0,0,0,'doc\\201401021433261预计页面.doc',6,'管理员'),(81,'测试异步',61,'测试异步','视频','png','',42.00,'','','','2014-01-02 20:29:57','0',0,0,0,'png\\201401022029345在线预览页面.png',6,'管理员'),(82,'快排',62,'快排','','pdf','',27.16,'','','','2014-01-03 14:47:00','0',0,0,0,'pdf\\201401031446534FreeMarker_Manual_zh_CN.pdf',6,'管理员'),(83,'file_icon_jpeg',62,'file_icon_jpeg','文档','png','',12.03,'','','','2014-01-03 14:48:43','0',0,0,0,'png\\201401031447540file_icon_jpeg.png',6,'管理员'),(84,'FreeMarker_Manual_zh_CN',63,'FreeMarker_Manual_zh_CN','','pdf','',27.16,'','','','2014-01-03 15:09:59','0',0,0,0,'pdf\\201401031509448FreeMarker_Manual_zh_CN.pdf',6,'管理员');
/*!40000 ALTER TABLE `r_source` ENABLE KEYS */;
UNLOCK TABLES;

--
-- Table structure for table `r_source_category_join`
--

DROP TABLE IF EXISTS `r_source_category_join`;
/*!40101 SET @saved_cs_client     = @@character_set_client */;
/*!40101 SET character_set_client = utf8 */;
CREATE TABLE `r_source_category_join` (
  `id` int(11) NOT NULL AUTO_INCREMENT,
  `sourceId` int(11) NOT NULL,
  `categoryId` int(11) NOT NULL,
  PRIMARY KEY (`id`),
  KEY `fk_sourceId_idx` (`sourceId`),
  KEY `fk_categoryId_idx` (`categoryId`),
  CONSTRAINT `fk_categoryId` FOREIGN KEY (`categoryId`) REFERENCES `r_category` (`id`) ON DELETE CASCADE ON UPDATE NO ACTION,
  CONSTRAINT `fk_sourceId` FOREIGN KEY (`sourceId`) REFERENCES `r_source` (`id`) ON DELETE CASCADE ON UPDATE NO ACTION
) ENGINE=InnoDB AUTO_INCREMENT=217 DEFAULT CHARSET=utf8 COMMENT='资源和类别的挂接表，一个资源有多个类别。一个类别也可以属于多个资源';
/*!40101 SET character_set_client = @saved_cs_client */;

--
-- Dumping data for table `r_source_category_join`
--

LOCK TABLES `r_source_category_join` WRITE;
/*!40000 ALTER TABLE `r_source_category_join` DISABLE KEYS */;
INSERT INTO `r_source_category_join` VALUES (156,38,13),(157,39,13),(158,40,15),(159,41,15),(160,42,14),(161,43,13),(162,43,14),(163,44,12),(164,45,17),(165,46,17),(166,47,20),(167,48,18),(168,48,19),(169,49,17),(170,50,17),(171,51,17),(172,52,17),(173,53,17),(174,54,17),(175,55,17),(176,56,17),(177,57,17),(178,58,17),(179,59,17),(180,60,17),(181,61,17),(182,62,17),(183,63,17),(184,64,12),(185,65,12),(186,66,13),(187,67,13),(188,68,13),(189,69,12),(190,69,13),(191,69,14),(192,69,15),(193,70,13),(194,71,14),(195,72,13),(196,73,13),(197,74,16),(198,75,12),(199,76,12),(200,77,12),(201,78,15),(203,80,13),(204,81,12),(205,82,18),(206,83,18),(207,84,19);
/*!40000 ALTER TABLE `r_source_category_join` ENABLE KEYS */;
UNLOCK TABLES;

--
-- Table structure for table `r_source_comment`
--

DROP TABLE IF EXISTS `r_source_comment`;
/*!40101 SET @saved_cs_client     = @@character_set_client */;
/*!40101 SET character_set_client = utf8 */;
CREATE TABLE `r_source_comment` (
  `id` int(11) NOT NULL AUTO_INCREMENT COMMENT 'id',
  `sourceId` int(11) NOT NULL COMMENT '所评价的资源的Id',
  `parentId` int(11) NOT NULL DEFAULT '0' COMMENT '评价的父评价id，0则表示此条为最顶评论',
  `content` text COMMENT '评论的内容',
  `createId` int(11) NOT NULL COMMENT '评论的作者id，用于链接评论人员的信息',
  `createDate` datetime DEFAULT NULL COMMENT '创建日期',
  PRIMARY KEY (`id`)
) ENGINE=InnoDB AUTO_INCREMENT=19 DEFAULT CHARSET=utf8 COMMENT='资源评价表';
/*!40101 SET character_set_client = @saved_cs_client */;

--
-- Dumping data for table `r_source_comment`
--

LOCK TABLES `r_source_comment` WRITE;
/*!40000 ALTER TABLE `r_source_comment` DISABLE KEYS */;
INSERT INTO `r_source_comment` VALUES (5,74,0,'第二个父评论',6,'2014-01-22 22:22:11'),(6,74,5,'第二个的子评论',6,'2014-01-22 22:22:11'),(7,74,5,'还是第二个的子评论',6,'2014-01-22 22:22:11'),(8,74,5,'我看你怎么取~',6,'2014-01-22 22:22:11'),(12,74,0,'第三条父评论',6,'2014-01-02 14:10:51'),(13,74,0,'测试子评论',6,'2014-01-02 14:14:18'),(14,74,0,'aaaaa',6,'2014-01-02 14:49:09'),(15,74,5,'123123',6,'2014-01-02 14:51:14'),(16,74,5,'4444',6,'2014-01-02 14:52:47'),(17,74,14,'13123123',6,'2014-01-02 14:55:02'),(18,74,12,'aaaaaaa',6,'2014-01-02 16:20:21');
/*!40000 ALTER TABLE `r_source_comment` ENABLE KEYS */;
UNLOCK TABLES;

--
-- Table structure for table `r_subject`
--

DROP TABLE IF EXISTS `r_subject`;
/*!40101 SET @saved_cs_client     = @@character_set_client */;
/*!40101 SET character_set_client = utf8 */;
CREATE TABLE `r_subject` (
  `id` int(11) NOT NULL AUTO_INCREMENT COMMENT 'id',
  `name` varchar(45) NOT NULL COMMENT '科目名称',
  `remark` text,
  `isDisplay` int(11) DEFAULT '0',
  `imageUrl` text COMMENT '课程图片',
  `groupId` int(11) NOT NULL COMMENT '分组id',
  PRIMARY KEY (`id`),
  KEY `subject_group_fk_idx` (`groupId`),
  CONSTRAINT `subject_group_fk` FOREIGN KEY (`groupId`) REFERENCES `r_group` (`id`) ON DELETE CASCADE ON UPDATE NO ACTION
) ENGINE=InnoDB AUTO_INCREMENT=42 DEFAULT CHARSET=utf8 COMMENT='科目表';
/*!40101 SET character_set_client = @saved_cs_client */;

--
-- Dumping data for table `r_subject`
--

LOCK TABLES `r_subject` WRITE;
/*!40000 ALTER TABLE `r_subject` DISABLE KEYS */;
INSERT INTO `r_subject` VALUES (10,'语文','',2,NULL,7),(11,'数学','',5,NULL,7),(12,'英语','',0,NULL,7),(13,'自然','',3,NULL,7),(14,'社会','',0,NULL,7),(15,'音乐','',4,NULL,7),(16,'美术','',0,NULL,7),(17,'体育','',0,NULL,7),(18,'算法导论','',0,NULL,8),(19,'数据结构','',0,NULL,8),(20,'c语言程序设计','',0,NULL,8),(21,'数学分析','',0,NULL,8),(22,'高等代数','',0,NULL,8),(23,'小学教育心理学','',0,NULL,8),(24,'近世代数','',0,NULL,8),(25,'编程规范','',0,'201401031508577一年级语文.jpg',8),(26,'中国近代史','',0,'201401031508577一年级语文.jpg',8),(28,'世界近代史','',0,'201401031508577一年级语文.jpg',8),(29,'大学音乐课','',0,'201401031508577一年级语文.jpg',8),(30,'大学英语','',0,'201401031508577一年级语文.jpg',8),(31,'公共历史','',0,'201401031508577一年级语文.jpg',8),(32,'测试图片','',0,'201401031508577一年级语文.jpg',8),(33,'12312312','12312',0,'201401031508577一年级语文.jpg',8),(34,'测试过','爱上',0,'201312301048346在线预览页面.png',7),(35,'思想品德','加深对',6,'201401031508577一年级语文.jpg',7),(36,'大学语文','',0,'201401031508577一年级语文.jpg',8);
/*!40000 ALTER TABLE `r_subject` ENABLE KEYS */;
UNLOCK TABLES;

--
-- Table structure for table `r_topic`
--

DROP TABLE IF EXISTS `r_topic`;
/*!40101 SET @saved_cs_client     = @@character_set_client */;
/*!40101 SET character_set_client = utf8 */;
CREATE TABLE `r_topic` (
  `id` int(11) NOT NULL AUTO_INCREMENT COMMENT 'id',
  `name` varchar(100) NOT NULL COMMENT '专题名称',
  `imageUrl` text,
  `outlink` text COMMENT '外部链接,只有在是外链的时候才不为空。',
  `isOutlink` int(11) NOT NULL DEFAULT '0' COMMENT '是否是外链，0否1是',
  `description` text NOT NULL COMMENT '专题简介',
  `createUserId` int(11) NOT NULL COMMENT '专题作者',
  `remark` text COMMENT '备注',
  `templateId` int(11) DEFAULT '1' COMMENT '专题样式模板id，不选时默认为1',
  `isDisplay` int(11) NOT NULL DEFAULT '0',
  `keyWords` text,
  `createDate` datetime DEFAULT NULL,
  `lastUpdateDate` datetime DEFAULT NULL,
  `viewTimes` int(11) DEFAULT '0',
  PRIMARY KEY (`id`)
) ENGINE=InnoDB AUTO_INCREMENT=50 DEFAULT CHARSET=utf8 COMMENT='专题资源\n专题的图片链接，外链地址，\n';
/*!40101 SET character_set_client = @saved_cs_client */;

--
-- Dumping data for table `r_topic`
--

LOCK TABLES `r_topic` WRITE;
/*!40000 ALTER TABLE `r_topic` DISABLE KEYS */;
INSERT INTO `r_topic` VALUES (35,'三笔字','201401011508544topic_大学_平面设计.jpg','',0,'三笔字是指钢笔字、粉笔字和毛笔字，写好三笔字是国家教育部对师范生提出的素质要求也是学生必备的基本职业技能之一。',6,'作者：万应均教授 <br><br><br> 单位：湖南第一师范',0,1,'三笔字','2014-01-01 15:12:15','2014-01-01 15:12:15',43),(38,'打豆豆','201312311700226张芳兵姐照.jpg','',0,'东方商店',6,'',0,0,'打豆豆','2014-01-01 15:12:15','2014-01-01 15:12:15',1),(39,'我是测试1号','201312311727445在线预览页面.png','',0,'( ⊙o⊙ )哇re',6,'',0,0,'我是测试1号','2014-01-01 15:12:15','2014-01-01 15:12:15',0),(40,'沃尔沃额','201312311740261张芳兵姐照.jpg','',0,'撒旦飞色',6,'',0,0,'沃尔沃额','2014-01-01 15:12:15','2014-01-01 15:12:15',0),(41,'asdad','201312311741296张芳兵姐照.jpg','',0,'啊撒范德萨',6,'',0,0,'asdad','2014-01-01 15:12:15','2014-01-01 15:12:15',1),(42,'电饭锅','201312311747012张芳兵姐照.jpg','',0,'师范',6,'',0,0,'电饭锅','2014-01-01 15:12:15','2014-01-01 15:12:15',0),(43,'34324','201312311748531张芳兵姐照.jpg','',0,'鬼地方',6,'',0,0,'34324','2014-01-01 15:12:15','2014-01-01 15:12:15',0),(44,'平面设计','201401011508544topic_大学_平面设计.jpg','',0,'123123',6,'',0,0,'平面设计','2014-01-01 15:12:15','2014-01-01 15:12:15',0),(45,'书法写作','201401011516483topic_大学_书法写作.jpg','',0,'书法',0,'',0,0,'12312;书法写作','2014-01-01 15:12:15','2014-01-04 11:27:30',0),(46,'应用写作','201401011517289topic_大学_应用写作.jpg','',0,'234',6,'',0,4,'应用写作','2014-01-01 15:17:45','2014-01-01 15:17:45',0),(47,'地理','201401011518016topic_小学_地理.jpg','',0,'4534',6,'',0,3,'地理','2014-01-01 15:18:34','2014-01-01 15:18:34',0),(48,'电脑','201401011519022topic_小学_电脑.jpg','',0,'12312',6,'',0,2,'电脑','2014-01-01 15:19:11','2014-01-01 15:19:11',0),(49,'111111','2014010615014951.jpg','',0,'32423',6,'',0,0,'111111','2014-01-06 15:02:16','2014-01-06 15:02:16',0);
/*!40000 ALTER TABLE `r_topic` ENABLE KEYS */;
UNLOCK TABLES;
/*!50003 SET @saved_cs_client      = @@character_set_client */ ;
/*!50003 SET @saved_cs_results     = @@character_set_results */ ;
/*!50003 SET @saved_col_connection = @@collation_connection */ ;
/*!50003 SET character_set_client  = utf8 */ ;
/*!50003 SET character_set_results = utf8 */ ;
/*!50003 SET collation_connection  = utf8_general_ci */ ;
/*!50003 SET @saved_sql_mode       = @@sql_mode */ ;
/*!50003 SET sql_mode              = 'STRICT_TRANS_TABLES,NO_AUTO_CREATE_USER,NO_ENGINE_SUBSTITUTION' */ ;
DELIMITER ;;
/*!50003 CREATE*/ /*!50017 DEFINER=`root`@`%`*/ /*!50003 TRIGGER `r_topic_BDEL` BEFORE DELETE ON r_topic FOR EACH ROW
BEGIN
	DELETE FROM r_topic_source_join WHERE r_topic_source_join.topicId = old.id;
END */;;
DELIMITER ;
/*!50003 SET sql_mode              = @saved_sql_mode */ ;
/*!50003 SET character_set_client  = @saved_cs_client */ ;
/*!50003 SET character_set_results = @saved_cs_results */ ;
/*!50003 SET collation_connection  = @saved_col_connection */ ;

--
-- Table structure for table `r_topic_source`
--

DROP TABLE IF EXISTS `r_topic_source`;
/*!40101 SET @saved_cs_client     = @@character_set_client */;
/*!40101 SET character_set_client = utf8 */;
CREATE TABLE `r_topic_source` (
  `id` int(11) NOT NULL AUTO_INCREMENT,
  `topicSubtitleId` int(11) NOT NULL,
  `name` varchar(45) NOT NULL,
  `keyWords` text NOT NULL,
  `mediaType` varchar(45) DEFAULT NULL COMMENT '媒体类型，如：文本，ppt，视频等',
  `mediaFormat` varchar(45) DEFAULT NULL COMMENT '媒体格式，如：jpg，mp4等',
  `playTime` varchar(20) DEFAULT NULL COMMENT '播放时间，只有视频拥有这个属性',
  `fileSize` float(7,2) DEFAULT NULL COMMENT '文件大小',
  `author` varchar(255) DEFAULT NULL COMMENT '作者',
  `publisher` text COMMENT '出版社',
  `description` text COMMENT '描述',
  `createDate` datetime DEFAULT NULL COMMENT '创建时间',
  `price` double DEFAULT NULL COMMENT '价格',
  `viewTimes` int(11) DEFAULT '0' COMMENT '访问次数',
  `useTimes` int(11) DEFAULT '0' COMMENT '下载或者使用次数',
  `url` varchar(255) NOT NULL,
  `createUserId` int(11) DEFAULT NULL,
  PRIMARY KEY (`id`),
  KEY `pk_sub_idx` (`topicSubtitleId`),
  CONSTRAINT `pk_sub` FOREIGN KEY (`topicSubtitleId`) REFERENCES `r_topic_subtitle` (`id`) ON DELETE CASCADE ON UPDATE NO ACTION
) ENGINE=InnoDB AUTO_INCREMENT=7 DEFAULT CHARSET=utf8;
/*!40101 SET character_set_client = @saved_cs_client */;

--
-- Dumping data for table `r_topic_source`
--

LOCK TABLES `r_topic_source` WRITE;
/*!40000 ALTER TABLE `r_topic_source` DISABLE KEYS */;
INSERT INTO `r_topic_source` VALUES (2,19,'毛笔字字帖','132','声音','rar','',16.00,'','','','2014-01-03 11:06:25',0,0,0,'rar\\201312311321299html3.rar',6),(3,20,'钢笔字楷书','213123','动画','rar','',16.00,'','','','2014-01-03 11:06:25',0,0,0,'rar\\201312311321572html3.rar',6),(4,21,'粉笔字','2131','动画','html','',1.00,'','','','2014-01-03 11:06:25',0,0,0,'html\\201312311323374index.html',6),(5,19,'4123423','','动画','jpg','',1.00,'','','','2014-01-03 11:06:25',0,0,0,'jpg\\2014010311061991.jpg',6),(6,19,'123123','','视频','jpg','',185.00,'','','','2014-01-03 11:12:41',0,0,0,'jpg\\2014010311123161.jpg',6);
/*!40000 ALTER TABLE `r_topic_source` ENABLE KEYS */;
UNLOCK TABLES;

--
-- Table structure for table `r_topic_source_join`
--

DROP TABLE IF EXISTS `r_topic_source_join`;
/*!40101 SET @saved_cs_client     = @@character_set_client */;
/*!40101 SET character_set_client = utf8 */;
CREATE TABLE `r_topic_source_join` (
  `id` int(11) NOT NULL AUTO_INCREMENT,
  `subtitleId` int(11) NOT NULL,
  `sourceId` int(11) NOT NULL,
  PRIMARY KEY (`id`),
  KEY `fk_topic_source_idx` (`subtitleId`),
  KEY `fk_source_idx` (`sourceId`),
  CONSTRAINT `fk_source` FOREIGN KEY (`sourceId`) REFERENCES `r_source` (`id`) ON DELETE CASCADE ON UPDATE NO ACTION,
  CONSTRAINT `fk_subtitle` FOREIGN KEY (`subtitleId`) REFERENCES `r_topic_subtitle` (`id`) ON DELETE CASCADE ON UPDATE NO ACTION
) ENGINE=InnoDB AUTO_INCREMENT=50 DEFAULT CHARSET=utf8 COMMENT='专题资源挂接表';
/*!40101 SET character_set_client = @saved_cs_client */;

--
-- Dumping data for table `r_topic_source_join`
--

LOCK TABLES `r_topic_source_join` WRITE;
/*!40000 ALTER TABLE `r_topic_source_join` DISABLE KEYS */;
INSERT INTO `r_topic_source_join` VALUES (7,21,41),(8,20,42),(29,19,38),(30,19,39),(31,19,40),(32,19,41),(33,19,42),(34,19,43),(35,19,44),(36,19,64),(37,19,65),(38,19,72),(39,19,73),(40,19,66),(41,19,67),(42,19,68),(43,19,69),(44,19,71),(45,19,45),(46,19,46),(47,19,47),(48,19,48),(49,19,74);
/*!40000 ALTER TABLE `r_topic_source_join` ENABLE KEYS */;
UNLOCK TABLES;

--
-- Table structure for table `r_topic_subtitle`
--

DROP TABLE IF EXISTS `r_topic_subtitle`;
/*!40101 SET @saved_cs_client     = @@character_set_client */;
/*!40101 SET character_set_client = utf8 */;
CREATE TABLE `r_topic_subtitle` (
  `id` int(11) NOT NULL AUTO_INCREMENT,
  `topicId` int(11) NOT NULL COMMENT '专题id',
  `subtitle` varchar(45) NOT NULL COMMENT '二级标题',
  `isAuto` int(11) DEFAULT '0' COMMENT '是否是系统自动添加，0否1是',
  `remark` text COMMENT '备注',
  PRIMARY KEY (`id`),
  KEY `fk_tc_idx` (`topicId`),
  CONSTRAINT `fk_tc` FOREIGN KEY (`topicId`) REFERENCES `r_topic` (`id`) ON DELETE CASCADE ON UPDATE NO ACTION
) ENGINE=InnoDB AUTO_INCREMENT=36 DEFAULT CHARSET=utf8 COMMENT='专题的二级标题';
/*!40101 SET character_set_client = @saved_cs_client */;

--
-- Dumping data for table `r_topic_subtitle`
--

LOCK TABLES `r_topic_subtitle` WRITE;
/*!40000 ALTER TABLE `r_topic_subtitle` DISABLE KEYS */;
INSERT INTO `r_topic_subtitle` VALUES (19,35,'毛笔字',0,''),(20,35,'钢笔字',0,''),(21,35,'粉笔字',0,''),(25,38,'红豆豆',0,''),(26,38,'绿豆豆',0,''),(27,38,'白豆豆',0,''),(28,39,'我是测试1号',1,NULL),(29,40,'沃尔沃额',1,NULL),(30,41,'松岛枫',1,NULL),(31,43,'34324',1,NULL),(32,44,'平面设计',1,NULL),(33,45,'书法写作',1,NULL),(34,47,'地理',1,NULL);
/*!40000 ALTER TABLE `r_topic_subtitle` ENABLE KEYS */;
UNLOCK TABLES;

--
-- Table structure for table `s_function`
--

DROP TABLE IF EXISTS `s_function`;
/*!40101 SET @saved_cs_client     = @@character_set_client */;
/*!40101 SET character_set_client = utf8 */;
CREATE TABLE `s_function` (
  `id` int(11) NOT NULL AUTO_INCREMENT,
  `name` varchar(50) NOT NULL COMMENT '功能的缩写字母，要大写',
  `remark` varchar(50) NOT NULL COMMENT '功能的中文名称',
  PRIMARY KEY (`id`),
  UNIQUE KEY `name_UNIQUE` (`name`),
  UNIQUE KEY `remark_UNIQUE` (`remark`)
) ENGINE=InnoDB AUTO_INCREMENT=17 DEFAULT CHARSET=utf8;
/*!40101 SET character_set_client = @saved_cs_client */;

--
-- Dumping data for table `s_function`
--

LOCK TABLES `s_function` WRITE;
/*!40000 ALTER TABLE `s_function` DISABLE KEYS */;
INSERT INTO `s_function` VALUES (1,'add','新增'),(2,'delete','删除'),(3,'modify','修改'),(4,'query','查询'),(5,'refresh','刷新'),(6,'join','挂接'),(7,'modify_pwd','修改密码'),(8,'sort','排序'),(9,'modify_many','批量修改'),(10,'add_many','批量增加'),(11,'super_query','超级浏览权限'),(12,'add_subtitle','增加二级标题'),(13,'upload','上传资源'),(14,'query_subtitle','查看二级标题'),(15,'manyManage','批量操作'),(16,'query_group_source','查看分组资源');
/*!40000 ALTER TABLE `s_function` ENABLE KEYS */;
UNLOCK TABLES;

--
-- Table structure for table `s_menu`
--

DROP TABLE IF EXISTS `s_menu`;
/*!40101 SET @saved_cs_client     = @@character_set_client */;
/*!40101 SET character_set_client = utf8 */;
CREATE TABLE `s_menu` (
  `id` int(11) NOT NULL AUTO_INCREMENT,
  `parentId` int(11) DEFAULT '-1' COMMENT '父菜单的id，如果是-1， 则表示当前为最高级菜单',
  `name` varchar(30) NOT NULL COMMENT '菜单的名字',
  `url` varchar(50) DEFAULT NULL COMMENT '菜单点击后调用的链接',
  `functionIdList` varchar(100) DEFAULT NULL COMMENT '菜单所拥有的功能的id列表，用‘，’分割',
  `icon` varchar(100) DEFAULT NULL COMMENT '菜单的图标',
  PRIMARY KEY (`id`)
) ENGINE=InnoDB AUTO_INCREMENT=68 DEFAULT CHARSET=utf8;
/*!40101 SET character_set_client = @saved_cs_client */;

--
-- Dumping data for table `s_menu`
--

LOCK TABLES `s_menu` WRITE;
/*!40000 ALTER TABLE `s_menu` DISABLE KEYS */;
INSERT INTO `s_menu` VALUES (40,-1,'用户管理','','',''),(41,-1,'资源库系统','','',''),(45,-1,'在线备课','','',''),(46,61,'菜单管理','App/System/Menu/MenuManage.html','1;2;3','./App/Lib/icons/32X32/product_169.gif'),(47,40,'角色管理','App/System/Role/RoleManage.html','1;2;3;6','./App/Lib/icons/32X32/product_169.gif'),(48,40,'用户管理','App/System/User/UserManage.html','1;2;3;6;7;10;15','./App/Lib/icons/32X32/product_169.gif'),(49,61,'功能管理','App/System/Function/FunctionManage.html','1;3','./App/Lib/icons/32X32/product_169.gif'),(51,41,'学科管理','App/Resources/Subject/SubjectManage.html','1;2;3','./App/Lib/icons/32X32/product_169.gif'),(52,41,'年级管理','App/Resources/Grade/GradeManage.html','1;2;3','./App/Lib/icons/32X32/product_169.gif'),(53,41,'类别管理','App/Resources/Category/CategoryManage.html','1;2;3;8','./App/Lib/icons/32X32/product_169.gif'),(54,41,'课程管理','App/Resources/Course/CourseManage.html','1;2;3;4;5','./App/Lib/icons/32X32/product_169.gif'),(55,41,'资源管理','App/Resources/Source/SourceManage.html','1;2;3;5;11;16','./App/Lib/icons/32X32/product_169.gif'),(56,-1,'专题系统','','',''),(57,56,'专题管理','App/Resources/Topic/TopicManage.html','1;2;3;6;12;13;14','./App/Lib/icons/32X32/product_169.gif'),(61,-1,'网站管理','','',''),(62,61,'页面生成','App/Website/Page/PageManage.html','5','./App/Lib/icons/32X32/product_169.gif'),(63,40,'学生管理','App/System/Student/StudentManage.html','1;2;3;15','./App/Lib/icons/32X32/product_169.gif'),(65,61,'新闻管理','App/Website/News/NewsManage.html','1;2;3;5','./App/Lib/icons/32X32/product_169.gif'),(66,61,'轮播图片管理','App/Website/Pictures/PicturesManage.html','1;2;3','./App/Lib/icons/32X32/product_169.gif'),(67,41,'分组管理','App/Resources/Group/GroupManage.html','1;2;3','./App/Lib/icons/32X32/product_169.gif');
/*!40000 ALTER TABLE `s_menu` ENABLE KEYS */;
UNLOCK TABLES;

--
-- Table structure for table `s_parameter`
--

DROP TABLE IF EXISTS `s_parameter`;
/*!40101 SET @saved_cs_client     = @@character_set_client */;
/*!40101 SET character_set_client = utf8 */;
CREATE TABLE `s_parameter` (
  `id` int(11) NOT NULL AUTO_INCREMENT,
  `name` varchar(100) NOT NULL COMMENT '参数的名称',
  `value` varchar(20) NOT NULL COMMENT '参数的值',
  `type` varchar(20) NOT NULL COMMENT '参数的类型',
  `remark` text COMMENT '参数备注',
  PRIMARY KEY (`id`)
) ENGINE=InnoDB DEFAULT CHARSET=utf8;
/*!40101 SET character_set_client = @saved_cs_client */;

--
-- Dumping data for table `s_parameter`
--

LOCK TABLES `s_parameter` WRITE;
/*!40000 ALTER TABLE `s_parameter` DISABLE KEYS */;
/*!40000 ALTER TABLE `s_parameter` ENABLE KEYS */;
UNLOCK TABLES;

--
-- Table structure for table `s_role`
--

DROP TABLE IF EXISTS `s_role`;
/*!40101 SET @saved_cs_client     = @@character_set_client */;
/*!40101 SET character_set_client = utf8 */;
CREATE TABLE `s_role` (
  `id` int(11) NOT NULL AUTO_INCREMENT,
  `name` varchar(50) NOT NULL COMMENT '角色名',
  `createUserId` int(11) DEFAULT NULL COMMENT '创建用户id',
  `createUserName` varchar(45) DEFAULT NULL,
  `remark` text COMMENT '备注',
  PRIMARY KEY (`id`)
) ENGINE=InnoDB AUTO_INCREMENT=22 DEFAULT CHARSET=utf8;
/*!40101 SET character_set_client = @saved_cs_client */;

--
-- Dumping data for table `s_role`
--

LOCK TABLES `s_role` WRITE;
/*!40000 ALTER TABLE `s_role` DISABLE KEYS */;
INSERT INTO `s_role` VALUES (4,'管理员',NULL,'','超级管理员'),(5,'资源录入员',6,NULL,''),(6,'静态页面生成员',NULL,'匡静','asdas'),(7,'测试角色1号',6,'开发者',''),(8,'测试角色2号',NULL,NULL,''),(9,'测试角色3号',6,'开发者',''),(18,'管理员',6,'开发者',''),(19,'123',6,'管理员','123'),(20,'2',6,'管理员','2'),(21,'老师',28,'开发者','');
/*!40000 ALTER TABLE `s_role` ENABLE KEYS */;
UNLOCK TABLES;

--
-- Table structure for table `s_role_menu_join`
--

DROP TABLE IF EXISTS `s_role_menu_join`;
/*!40101 SET @saved_cs_client     = @@character_set_client */;
/*!40101 SET character_set_client = utf8 */;
CREATE TABLE `s_role_menu_join` (
  `id` int(11) NOT NULL AUTO_INCREMENT,
  `roleId` int(11) DEFAULT NULL,
  `menuId` int(11) DEFAULT NULL,
  `functionIdList` varchar(100) DEFAULT NULL,
  PRIMARY KEY (`id`),
  KEY `fk_role_idx` (`roleId`),
  KEY `fk_menu_idx` (`menuId`),
  CONSTRAINT `fk_menu` FOREIGN KEY (`menuId`) REFERENCES `s_menu` (`id`) ON DELETE CASCADE ON UPDATE NO ACTION,
  CONSTRAINT `fk_role` FOREIGN KEY (`roleId`) REFERENCES `s_role` (`id`) ON DELETE CASCADE ON UPDATE NO ACTION
) ENGINE=InnoDB AUTO_INCREMENT=647 DEFAULT CHARSET=utf8;
/*!40101 SET character_set_client = @saved_cs_client */;

--
-- Dumping data for table `s_role_menu_join`
--

LOCK TABLES `s_role_menu_join` WRITE;
/*!40000 ALTER TABLE `s_role_menu_join` DISABLE KEYS */;
INSERT INTO `s_role_menu_join` VALUES (228,6,62,'5'),(229,7,46,'1;3'),(230,7,47,'1;2;3;6'),(231,7,48,'1;2;3;6;7'),(421,18,46,'1;3'),(422,18,47,'1;2;3;6'),(423,18,48,'1;2;3;6;7;10'),(424,18,49,'1;3'),(425,18,51,'1;2;3'),(426,18,52,'1;2;3'),(427,18,53,'1;2;3;8'),(428,18,54,'1;2;3;4;5'),(429,18,55,'1;2;3;5'),(486,5,55,'1;2;3;5'),(631,21,55,'1;2;3;5;16'),(632,4,46,'1;2;3'),(633,4,47,'1;2;3;6'),(634,4,48,'1;2;3;6;7;10;15'),(635,4,49,'1;3'),(636,4,51,'1;2;3'),(637,4,52,'1;2;3'),(638,4,53,'1;2;3;8'),(639,4,54,'1;2;3;4;5'),(640,4,55,'1;2;3;5;11;16'),(641,4,57,'1;2;3;6;12;13;14'),(642,4,62,'5'),(643,4,63,'1;2;3;15'),(644,4,65,'1;2;3;5'),(645,4,66,'1;2;3'),(646,4,67,'1;2;3');
/*!40000 ALTER TABLE `s_role_menu_join` ENABLE KEYS */;
UNLOCK TABLES;

--
-- Table structure for table `s_student`
--

DROP TABLE IF EXISTS `s_student`;
/*!40101 SET @saved_cs_client     = @@character_set_client */;
/*!40101 SET character_set_client = utf8 */;
CREATE TABLE `s_student` (
  `id` int(11) NOT NULL AUTO_INCREMENT,
  `username` varchar(20) NOT NULL,
  `password` varchar(32) NOT NULL,
  `name` varchar(10) NOT NULL COMMENT '名字',
  `number` varchar(20) NOT NULL COMMENT '学号',
  `department` varchar(50) NOT NULL COMMENT '系部',
  `major` varchar(50) NOT NULL COMMENT '专业',
  `entranceTime` varchar(20) NOT NULL COMMENT '入学年份',
  `balance` int(11) DEFAULT '0' COMMENT '充值余额，默认为0',
  `telephone` varchar(15) DEFAULT NULL,
  `createDate` date DEFAULT NULL,
  `remark` text,
  `icon` text,
  PRIMARY KEY (`id`),
  UNIQUE KEY `username_UNIQUE` (`username`),
  UNIQUE KEY `number_UNIQUE` (`number`)
) ENGINE=InnoDB AUTO_INCREMENT=48 DEFAULT CHARSET=utf8;
/*!40101 SET character_set_client = @saved_cs_client */;

--
-- Dumping data for table `s_student`
--

LOCK TABLES `s_student` WRITE;
/*!40000 ALTER TABLE `s_student` DISABLE KEYS */;
INSERT INTO `s_student` VALUES (45,'1234567','E10ADC3949BA59ABBE56E057F20F883E','aa','1234567','数学系','信息与计算科学','2010',100,'13245654','2013-12-12',NULL,NULL),(46,'1234568','E10ADC3949BA59ABBE56E057F20F883E','bb','1234568','信工系','计算机科学与技术','2010',100,'13546454','2013-12-12',NULL,NULL),(47,'1234569','E10ADC3949BA59ABBE56E057F20F883E','cc','1234569','叫可惜','应用数学','2011',100,'45454545','2013-12-12',NULL,NULL);
/*!40000 ALTER TABLE `s_student` ENABLE KEYS */;
UNLOCK TABLES;

--
-- Table structure for table `s_teacher`
--

DROP TABLE IF EXISTS `s_teacher`;
/*!40101 SET @saved_cs_client     = @@character_set_client */;
/*!40101 SET character_set_client = utf8 */;
CREATE TABLE `s_teacher` (
  `id` int(11) NOT NULL AUTO_INCREMENT,
  `username` varchar(20) NOT NULL COMMENT '用户登录名字',
  `password` varchar(20) NOT NULL COMMENT '登录密码',
  `name` varchar(20) NOT NULL COMMENT '姓名',
  `idcard` varchar(45) NOT NULL COMMENT '身份证',
  `qq` varchar(15) NOT NULL,
  `telephone` varchar(15) NOT NULL COMMENT '手机号码',
  `department` varchar(40) NOT NULL COMMENT '系部或部门',
  `createDate` date DEFAULT NULL COMMENT '创建日期',
  `createUserId` int(11) DEFAULT NULL COMMENT '创建人id',
  `balance` int(11) DEFAULT '0' COMMENT '资源币',
  `remark` text COMMENT '备注',
  PRIMARY KEY (`id`)
) ENGINE=InnoDB AUTO_INCREMENT=2 DEFAULT CHARSET=utf8 COMMENT='特殊角色老师。';
/*!40101 SET character_set_client = @saved_cs_client */;

--
-- Dumping data for table `s_teacher`
--

LOCK TABLES `s_teacher` WRITE;
/*!40000 ALTER TABLE `s_teacher` DISABLE KEYS */;
INSERT INTO `s_teacher` VALUES (1,'123','123','123','123','123','123','123',NULL,NULL,0,'');
/*!40000 ALTER TABLE `s_teacher` ENABLE KEYS */;
UNLOCK TABLES;

--
-- Table structure for table `s_user`
--

DROP TABLE IF EXISTS `s_user`;
/*!40101 SET @saved_cs_client     = @@character_set_client */;
/*!40101 SET character_set_client = utf8 */;
CREATE TABLE `s_user` (
  `id` int(11) NOT NULL AUTO_INCREMENT,
  `username` varchar(20) NOT NULL COMMENT '用户名',
  `password` varchar(32) NOT NULL COMMENT '密码',
  `name` varchar(10) NOT NULL COMMENT '姓名',
  `idcard` varchar(18) NOT NULL COMMENT '身份证',
  `sex` varchar(2) DEFAULT NULL COMMENT '性别',
  `qq` varchar(15) DEFAULT NULL COMMENT 'QQ',
  `telephone` varchar(15) DEFAULT NULL COMMENT '电话',
  `email` varchar(45) DEFAULT NULL,
  `birth` date DEFAULT NULL COMMENT '生日',
  `department` varchar(40) NOT NULL COMMENT '部门',
  `balance` int(11) DEFAULT '0',
  `createDate` date DEFAULT NULL COMMENT '创建日期',
  `latestLoginDate` date DEFAULT NULL COMMENT '最后登录时间',
  `setting` varchar(500) DEFAULT NULL COMMENT '设置（用于涉及用户个人的设置）',
  `remark` text COMMENT '备注',
  `icon` text,
  PRIMARY KEY (`id`),
  UNIQUE KEY `username_UNIQUE` (`username`),
  UNIQUE KEY `idcard_UNIQUE` (`idcard`)
) ENGINE=InnoDB AUTO_INCREMENT=58 DEFAULT CHARSET=utf8;
/*!40101 SET character_set_client = @saved_cs_client */;

--
-- Dumping data for table `s_user`
--

LOCK TABLES `s_user` WRITE;
/*!40000 ALTER TABLE `s_user` DISABLE KEYS */;
INSERT INTO `s_user` VALUES (6,'admin','E10ADC3949BA59ABBE56E057F20F883E','管理员','1232324','0','678768','787',NULL,'2013-10-07','8678',123,'2013-11-30','2014-01-02',NULL,NULL,'default.png'),(8,'我叫测试','123456','sjakdjksa','430221199103102526','0','646208563','15575847475',NULL,'2013-08-07','sdhs',123,'2013-11-30',NULL,NULL,'','default.png'),(9,'测试用户1号','2','开发者','123456789123456789','0','646208563','11111111111',NULL,'2013-10-14','公管中心',123,'2013-05-30',NULL,NULL,'','default.png'),(11,'我会告诉你所有的密码都是123456','123456','开发者','123456789987456123','1','23434','12343235',NULL,'2013-10-01','俺的沙发',2222,'2013-06-30',NULL,NULL,'23423','default.png'),(12,'asdasdasdasdas','111111','awd','12322435','0','1231231','12312312312',NULL,'2013-10-07','12312321',231234,'2013-07-30',NULL,NULL,'','default.png'),(18,'asfg','2','tf','4324','0','23423','2342','23423','2013-11-18','342',1231231,'2013-08-30','2013-12-02',NULL,'234234','default.png'),(19,'asasdasd','123','aesdf','sdfsadf','0','asdfsd','asdfsa','asdfsa','2013-11-05','asfsad',1231231,'2013-09-30',NULL,NULL,'asdfsd','default.png'),(20,'2131231231','123','123','rfe','0','234234','23423','23423','2013-11-04','12312',1231231,'2013-09-30',NULL,NULL,'23423','default.png'),(21,'2','2','2','2','1','2','2','2','2013-11-05','2',1231231,'2013-10-30',NULL,NULL,'2','default.png'),(23,'admin2','123','dsgd','sdfsd','0','sdfsd','sdfsd','sdfs','2013-11-13','sdfsd',1231231,'2013-10-30',NULL,NULL,'sdfsd','default.png'),(24,'123','123456','234','234','1','2314','23','234','2013-12-03','2134',3030,'2013-12-09','2013-12-09',NULL,'','default.png'),(26,'3','3','3','3','','','3','3',NULL,'3',123126153,'2013-12-09','2013-12-09',NULL,'','default.png'),(27,'4','E10ADC3949BA59ABBE56E057F20F883E','4','4','','','4','4',NULL,'4',123126153,'2013-12-09','2013-12-09',NULL,'','default.png'),(33,'12423545656767','E10ADC3949BA59ABBE56E057F20F883E','123','213512345324','0','','234','234',NULL,'324',3800,'2013-12-10','2013-12-10',NULL,'','default.png'),(53,'123456789123456780','E10ADC3949BA59ABBE56E057F20F883E','朱老师','123456789123456780','1','5214324','123456789456','14524',NULL,'教务处',100,'2013-12-13',NULL,NULL,'导入测试1','default.png'),(54,'123456789123456781','E10ADC3949BA59ABBE56E057F20F883E','李老师','123456789123456781','0','52452452','245454542424','5454',NULL,'数学系',100,'2013-12-13',NULL,NULL,'导入测试2','default.png'),(55,'韦老师','E10ADC3949BA59ABBE56E057F20F883E','韦老师','123456789123456782','1','53563','242545554454','5365',NULL,'老师系',100,NULL,NULL,NULL,'导入测试3','default.png'),(56,'123123','E10ADC3949BA59ABBE56E057F20F883E','12','21341','1','','12312','1231','2013-12-03','12412',0,'2013-12-31','2013-12-31',NULL,'','default.png'),(57,'1','C4CA4238A0B923820DCC509A6F75849B','1','1','1','','1','123',NULL,'1',0,'2014-01-01','2014-01-01',NULL,'','default.png');
/*!40000 ALTER TABLE `s_user` ENABLE KEYS */;
UNLOCK TABLES;

--
-- Table structure for table `s_user_habit`
--

DROP TABLE IF EXISTS `s_user_habit`;
/*!40101 SET @saved_cs_client     = @@character_set_client */;
/*!40101 SET character_set_client = utf8 */;
CREATE TABLE `s_user_habit` (
  `userId` int(11) NOT NULL,
  `menuId` int(11) NOT NULL,
  `times` int(11) DEFAULT NULL,
  PRIMARY KEY (`menuId`,`userId`)
) ENGINE=InnoDB DEFAULT CHARSET=utf8 COMMENT='用户喜好表，用于推荐系统';
/*!40101 SET character_set_client = @saved_cs_client */;

--
-- Dumping data for table `s_user_habit`
--

LOCK TABLES `s_user_habit` WRITE;
/*!40000 ALTER TABLE `s_user_habit` DISABLE KEYS */;
INSERT INTO `s_user_habit` VALUES (6,47,15),(6,48,20);
/*!40000 ALTER TABLE `s_user_habit` ENABLE KEYS */;
UNLOCK TABLES;

--
-- Table structure for table `s_user_role_join`
--

DROP TABLE IF EXISTS `s_user_role_join`;
/*!40101 SET @saved_cs_client     = @@character_set_client */;
/*!40101 SET character_set_client = utf8 */;
CREATE TABLE `s_user_role_join` (
  `id` int(11) NOT NULL AUTO_INCREMENT,
  `userId` int(11) DEFAULT NULL,
  `roleId` int(11) DEFAULT NULL,
  PRIMARY KEY (`id`),
  KEY `fk_user_idx` (`userId`),
  KEY `fk_role_idx` (`roleId`),
  CONSTRAINT `fk_role2` FOREIGN KEY (`roleId`) REFERENCES `s_role` (`id`) ON DELETE CASCADE ON UPDATE NO ACTION,
  CONSTRAINT `fk_user` FOREIGN KEY (`userId`) REFERENCES `s_user` (`id`) ON DELETE CASCADE ON UPDATE NO ACTION
) ENGINE=InnoDB AUTO_INCREMENT=93 DEFAULT CHARSET=utf8;
/*!40101 SET character_set_client = @saved_cs_client */;

--
-- Dumping data for table `s_user_role_join`
--

LOCK TABLES `s_user_role_join` WRITE;
/*!40000 ALTER TABLE `s_user_role_join` DISABLE KEYS */;
INSERT INTO `s_user_role_join` VALUES (69,8,4),(70,9,6),(72,9,8),(73,9,9),(82,11,6),(83,11,7),(84,11,8),(85,11,9),(86,6,4),(90,18,5),(91,21,5),(92,55,21);
/*!40000 ALTER TABLE `s_user_role_join` ENABLE KEYS */;
UNLOCK TABLES;

--
-- Temporary table structure for view `v_category_group`
--

DROP TABLE IF EXISTS `v_category_group`;
/*!50001 DROP VIEW IF EXISTS `v_category_group`*/;
SET @saved_cs_client     = @@character_set_client;
SET character_set_client = utf8;
/*!50001 CREATE TABLE `v_category_group` (
  `id` tinyint NOT NULL,
  `name` tinyint NOT NULL,
  `groupId` tinyint NOT NULL,
  `groupName` tinyint NOT NULL,
  `ord` tinyint NOT NULL,
  `remark` tinyint NOT NULL
) ENGINE=MyISAM */;
SET character_set_client = @saved_cs_client;

--
-- Temporary table structure for view `v_chart_category_count`
--

DROP TABLE IF EXISTS `v_chart_category_count`;
/*!50001 DROP VIEW IF EXISTS `v_chart_category_count`*/;
SET @saved_cs_client     = @@character_set_client;
SET character_set_client = utf8;
/*!50001 CREATE TABLE `v_chart_category_count` (
  `name` tinyint NOT NULL,
  `num` tinyint NOT NULL
) ENGINE=MyISAM */;
SET character_set_client = @saved_cs_client;

--
-- Temporary table structure for view `v_chart_grade_count`
--

DROP TABLE IF EXISTS `v_chart_grade_count`;
/*!50001 DROP VIEW IF EXISTS `v_chart_grade_count`*/;
SET @saved_cs_client     = @@character_set_client;
SET character_set_client = utf8;
/*!50001 CREATE TABLE `v_chart_grade_count` (
  `name` tinyint NOT NULL,
  `num` tinyint NOT NULL
) ENGINE=MyISAM */;
SET character_set_client = @saved_cs_client;

--
-- Temporary table structure for view `v_chart_subject_count`
--

DROP TABLE IF EXISTS `v_chart_subject_count`;
/*!50001 DROP VIEW IF EXISTS `v_chart_subject_count`*/;
SET @saved_cs_client     = @@character_set_client;
SET character_set_client = utf8;
/*!50001 CREATE TABLE `v_chart_subject_count` (
  `name` tinyint NOT NULL,
  `num` tinyint NOT NULL
) ENGINE=MyISAM */;
SET character_set_client = @saved_cs_client;

--
-- Temporary table structure for view `v_chart_top_user_source`
--

DROP TABLE IF EXISTS `v_chart_top_user_source`;
/*!50001 DROP VIEW IF EXISTS `v_chart_top_user_source`*/;
SET @saved_cs_client     = @@character_set_client;
SET character_set_client = utf8;
/*!50001 CREATE TABLE `v_chart_top_user_source` (
  `name` tinyint NOT NULL,
  `num` tinyint NOT NULL
) ENGINE=MyISAM */;
SET character_set_client = @saved_cs_client;

--
-- Temporary table structure for view `v_chart_user_count`
--

DROP TABLE IF EXISTS `v_chart_user_count`;
/*!50001 DROP VIEW IF EXISTS `v_chart_user_count`*/;
SET @saved_cs_client     = @@character_set_client;
SET character_set_client = utf8;
/*!50001 CREATE TABLE `v_chart_user_count` (
  `num` tinyint NOT NULL,
  `month` tinyint NOT NULL
) ENGINE=MyISAM */;
SET character_set_client = @saved_cs_client;

--
-- Temporary table structure for view `v_course_grade_subject`
--

DROP TABLE IF EXISTS `v_course_grade_subject`;
/*!50001 DROP VIEW IF EXISTS `v_course_grade_subject`*/;
SET @saved_cs_client     = @@character_set_client;
SET character_set_client = utf8;
/*!50001 CREATE TABLE `v_course_grade_subject` (
  `id` tinyint NOT NULL,
  `name` tinyint NOT NULL,
  `gradeId` tinyint NOT NULL,
  `remark` tinyint NOT NULL,
  `gradeName` tinyint NOT NULL,
  `groupId` tinyint NOT NULL,
  `groupName` tinyint NOT NULL,
  `subjectId` tinyint NOT NULL,
  `subjectName` tinyint NOT NULL
) ENGINE=MyISAM */;
SET character_set_client = @saved_cs_client;

--
-- Temporary table structure for view `v_grade_group`
--

DROP TABLE IF EXISTS `v_grade_group`;
/*!50001 DROP VIEW IF EXISTS `v_grade_group`*/;
SET @saved_cs_client     = @@character_set_client;
SET character_set_client = utf8;
/*!50001 CREATE TABLE `v_grade_group` (
  `id` tinyint NOT NULL,
  `name` tinyint NOT NULL,
  `groupId` tinyint NOT NULL,
  `isDisplay` tinyint NOT NULL,
  `groupName` tinyint NOT NULL,
  `remark` tinyint NOT NULL
) ENGINE=MyISAM */;
SET character_set_client = @saved_cs_client;

--
-- Temporary table structure for view `v_menu_menu`
--

DROP TABLE IF EXISTS `v_menu_menu`;
/*!50001 DROP VIEW IF EXISTS `v_menu_menu`*/;
SET @saved_cs_client     = @@character_set_client;
SET character_set_client = utf8;
/*!50001 CREATE TABLE `v_menu_menu` (
  `id` tinyint NOT NULL,
  `name` tinyint NOT NULL,
  `url` tinyint NOT NULL,
  `functionIdList` tinyint NOT NULL,
  `icon` tinyint NOT NULL,
  `parentId` tinyint NOT NULL,
  `parentName` tinyint NOT NULL
) ENGINE=MyISAM */;
SET character_set_client = @saved_cs_client;

--
-- Temporary table structure for view `v_role_menu`
--

DROP TABLE IF EXISTS `v_role_menu`;
/*!50001 DROP VIEW IF EXISTS `v_role_menu`*/;
SET @saved_cs_client     = @@character_set_client;
SET character_set_client = utf8;
/*!50001 CREATE TABLE `v_role_menu` (
  `roleId` tinyint NOT NULL,
  `roleName` tinyint NOT NULL,
  `menuId` tinyint NOT NULL,
  `parentId` tinyint NOT NULL,
  `parentName` tinyint NOT NULL,
  `menuName` tinyint NOT NULL,
  `url` tinyint NOT NULL,
  `functionIdList` tinyint NOT NULL,
  `icon` tinyint NOT NULL
) ENGINE=MyISAM */;
SET character_set_client = @saved_cs_client;

--
-- Temporary table structure for view `v_source`
--

DROP TABLE IF EXISTS `v_source`;
/*!50001 DROP VIEW IF EXISTS `v_source`*/;
SET @saved_cs_client     = @@character_set_client;
SET character_set_client = utf8;
/*!50001 CREATE TABLE `v_source` (
  `id` tinyint NOT NULL,
  `name` tinyint NOT NULL,
  `courseId` tinyint NOT NULL,
  `courseName` tinyint NOT NULL,
  `gradeId` tinyint NOT NULL,
  `gradeName` tinyint NOT NULL,
  `gradeRemark` tinyint NOT NULL,
  `subjectId` tinyint NOT NULL,
  `subjectName` tinyint NOT NULL,
  `subjectRemark` tinyint NOT NULL,
  `subjectImageUrl` tinyint NOT NULL,
  `keyWords` tinyint NOT NULL,
  `mediaType` tinyint NOT NULL,
  `mediaFormat` tinyint NOT NULL,
  `playTime` tinyint NOT NULL,
  `fileSize` tinyint NOT NULL,
  `author` tinyint NOT NULL,
  `publisher` tinyint NOT NULL,
  `description` tinyint NOT NULL,
  `createDate` tinyint NOT NULL,
  `approvalStatus` tinyint NOT NULL,
  `price` tinyint NOT NULL,
  `viewTimes` tinyint NOT NULL,
  `useTimes` tinyint NOT NULL,
  `url` tinyint NOT NULL,
  `createUserId` tinyint NOT NULL,
  `createUserName` tinyint NOT NULL,
  `groupId` tinyint NOT NULL,
  `groupName` tinyint NOT NULL,
  `categoryIdList` tinyint NOT NULL,
  `categoryNameList` tinyint NOT NULL
) ENGINE=MyISAM */;
SET character_set_client = @saved_cs_client;

--
-- Temporary table structure for view `v_source_comment`
--

DROP TABLE IF EXISTS `v_source_comment`;
/*!50001 DROP VIEW IF EXISTS `v_source_comment`*/;
SET @saved_cs_client     = @@character_set_client;
SET character_set_client = utf8;
/*!50001 CREATE TABLE `v_source_comment` (
  `id` tinyint NOT NULL,
  `sourceId` tinyint NOT NULL,
  `parentId` tinyint NOT NULL,
  `content` tinyint NOT NULL,
  `createId` tinyint NOT NULL,
  `createDate` tinyint NOT NULL,
  `createName` tinyint NOT NULL,
  `createIcon` tinyint NOT NULL
) ENGINE=MyISAM */;
SET character_set_client = @saved_cs_client;

--
-- Temporary table structure for view `v_subject_group`
--

DROP TABLE IF EXISTS `v_subject_group`;
/*!50001 DROP VIEW IF EXISTS `v_subject_group`*/;
SET @saved_cs_client     = @@character_set_client;
SET character_set_client = utf8;
/*!50001 CREATE TABLE `v_subject_group` (
  `id` tinyint NOT NULL,
  `name` tinyint NOT NULL,
  `imageUrl` tinyint NOT NULL,
  `isDisplay` tinyint NOT NULL,
  `groupId` tinyint NOT NULL,
  `groupName` tinyint NOT NULL,
  `remark` tinyint NOT NULL
) ENGINE=MyISAM */;
SET character_set_client = @saved_cs_client;

--
-- Temporary table structure for view `v_topic_source`
--

DROP TABLE IF EXISTS `v_topic_source`;
/*!50001 DROP VIEW IF EXISTS `v_topic_source`*/;
SET @saved_cs_client     = @@character_set_client;
SET character_set_client = utf8;
/*!50001 CREATE TABLE `v_topic_source` (
  `id` tinyint NOT NULL,
  `topicId` tinyint NOT NULL,
  `topicName` tinyint NOT NULL,
  `isDisplay` tinyint NOT NULL,
  `topicDescription` tinyint NOT NULL,
  `topicCreateUserId` tinyint NOT NULL,
  `topicKeyWords` tinyint NOT NULL,
  `lastUpdateDate` tinyint NOT NULL,
  `topicViewTimes` tinyint NOT NULL,
  `topicCreateDate` tinyint NOT NULL,
  `remark` tinyint NOT NULL,
  `subtitleId` tinyint NOT NULL,
  `subtitle` tinyint NOT NULL,
  `sourceId` tinyint NOT NULL,
  `sourceName` tinyint NOT NULL,
  `courseId` tinyint NOT NULL,
  `keyWords` tinyint NOT NULL,
  `mediaType` tinyint NOT NULL,
  `mediaFormat` tinyint NOT NULL,
  `playTime` tinyint NOT NULL,
  `fileSize` tinyint NOT NULL,
  `sourceAuthor` tinyint NOT NULL,
  `publisher` tinyint NOT NULL,
  `sourceDescription` tinyint NOT NULL,
  `createDate` tinyint NOT NULL,
  `approvalStatus` tinyint NOT NULL,
  `price` tinyint NOT NULL,
  `viewTimes` tinyint NOT NULL,
  `useTimes` tinyint NOT NULL,
  `url` tinyint NOT NULL,
  `createUserId` tinyint NOT NULL
) ENGINE=MyISAM */;
SET character_set_client = @saved_cs_client;

--
-- Temporary table structure for view `v_topic_subtitle_source`
--

DROP TABLE IF EXISTS `v_topic_subtitle_source`;
/*!50001 DROP VIEW IF EXISTS `v_topic_subtitle_source`*/;
SET @saved_cs_client     = @@character_set_client;
SET character_set_client = utf8;
/*!50001 CREATE TABLE `v_topic_subtitle_source` (
  `id` tinyint NOT NULL,
  `topicId` tinyint NOT NULL,
  `topicName` tinyint NOT NULL,
  `isDisplay` tinyint NOT NULL,
  `topicDescription` tinyint NOT NULL,
  `topicCreateUserId` tinyint NOT NULL,
  `topicKeyWords` tinyint NOT NULL,
  `lastUpdateDate` tinyint NOT NULL,
  `topicViewTimes` tinyint NOT NULL,
  `topicCreateDate` tinyint NOT NULL,
  `remark` tinyint NOT NULL,
  `subtitleId` tinyint NOT NULL,
  `subtitleName` tinyint NOT NULL,
  `sourceName` tinyint NOT NULL,
  `keyWords` tinyint NOT NULL,
  `mediaType` tinyint NOT NULL,
  `mediaFormat` tinyint NOT NULL,
  `playTime` tinyint NOT NULL,
  `fileSize` tinyint NOT NULL,
  `sourceAuthor` tinyint NOT NULL,
  `publisher` tinyint NOT NULL,
  `sourceDescription` tinyint NOT NULL,
  `createDate` tinyint NOT NULL,
  `price` tinyint NOT NULL,
  `viewTimes` tinyint NOT NULL,
  `useTimes` tinyint NOT NULL,
  `url` tinyint NOT NULL,
  `createUserId` tinyint NOT NULL
) ENGINE=MyISAM */;
SET character_set_client = @saved_cs_client;

--
-- Temporary table structure for view `v_user_habit`
--

DROP TABLE IF EXISTS `v_user_habit`;
/*!50001 DROP VIEW IF EXISTS `v_user_habit`*/;
SET @saved_cs_client     = @@character_set_client;
SET character_set_client = utf8;
/*!50001 CREATE TABLE `v_user_habit` (
  `id` tinyint NOT NULL,
  `menuId` tinyint NOT NULL,
  `name` tinyint NOT NULL,
  `url` tinyint NOT NULL
) ENGINE=MyISAM */;
SET character_set_client = @saved_cs_client;

--
-- Temporary table structure for view `v_user_role`
--

DROP TABLE IF EXISTS `v_user_role`;
/*!50001 DROP VIEW IF EXISTS `v_user_role`*/;
SET @saved_cs_client     = @@character_set_client;
SET character_set_client = utf8;
/*!50001 CREATE TABLE `v_user_role` (
  `userId` tinyint NOT NULL,
  `username` tinyint NOT NULL,
  `password` tinyint NOT NULL,
  `realname` tinyint NOT NULL,
  `idcard` tinyint NOT NULL,
  `sex` tinyint NOT NULL,
  `qq` tinyint NOT NULL,
  `telephone` tinyint NOT NULL,
  `birth` tinyint NOT NULL,
  `department` tinyint NOT NULL,
  `roleId` tinyint NOT NULL,
  `rolename` tinyint NOT NULL
) ENGINE=MyISAM */;
SET character_set_client = @saved_cs_client;

--
-- Temporary table structure for view `v_user_role_menu`
--

DROP TABLE IF EXISTS `v_user_role_menu`;
/*!50001 DROP VIEW IF EXISTS `v_user_role_menu`*/;
SET @saved_cs_client     = @@character_set_client;
SET character_set_client = utf8;
/*!50001 CREATE TABLE `v_user_role_menu` (
  `roleId` tinyint NOT NULL,
  `menuId` tinyint NOT NULL,
  `functionIdList` tinyint NOT NULL,
  `userId` tinyint NOT NULL
) ENGINE=MyISAM */;
SET character_set_client = @saved_cs_client;

--
-- Dumping events for database 'hnfnuzyw'
--
/*!50106 SET @save_time_zone= @@TIME_ZONE */ ;
/*!50106 DROP EVENT IF EXISTS `e_user_habit` */;
DELIMITER ;;
/*!50003 SET @saved_cs_client      = @@character_set_client */ ;;
/*!50003 SET @saved_cs_results     = @@character_set_results */ ;;
/*!50003 SET @saved_col_connection = @@collation_connection */ ;;
/*!50003 SET character_set_client  = utf8 */ ;;
/*!50003 SET character_set_results = utf8 */ ;;
/*!50003 SET collation_connection  = utf8_general_ci */ ;;
/*!50003 SET @saved_sql_mode       = @@sql_mode */ ;;
/*!50003 SET sql_mode              = 'STRICT_TRANS_TABLES,NO_AUTO_CREATE_USER,NO_ENGINE_SUBSTITUTION' */ ;;
/*!50003 SET @saved_time_zone      = @@time_zone */ ;;
/*!50003 SET time_zone             = 'SYSTEM' */ ;;
/*!50106 CREATE*/ /*!50117 DEFINER=`root`@`%`*/ /*!50106 EVENT `e_user_habit` ON SCHEDULE EVERY 1 HOUR STARTS '2013-12-02 13:55:46' ON COMPLETION PRESERVE ENABLE DO call user_habit() */ ;;
/*!50003 SET time_zone             = @saved_time_zone */ ;;
/*!50003 SET sql_mode              = @saved_sql_mode */ ;;
/*!50003 SET character_set_client  = @saved_cs_client */ ;;
/*!50003 SET character_set_results = @saved_cs_results */ ;;
/*!50003 SET collation_connection  = @saved_col_connection */ ;;
DELIMITER ;
/*!50106 SET TIME_ZONE= @save_time_zone */ ;

--
-- Dumping routines for database 'hnfnuzyw'
--
/*!50003 DROP PROCEDURE IF EXISTS `user_habit` */;
/*!50003 SET @saved_cs_client      = @@character_set_client */ ;
/*!50003 SET @saved_cs_results     = @@character_set_results */ ;
/*!50003 SET @saved_col_connection = @@collation_connection */ ;
/*!50003 SET character_set_client  = utf8 */ ;
/*!50003 SET character_set_results = utf8 */ ;
/*!50003 SET collation_connection  = utf8_general_ci */ ;
/*!50003 SET @saved_sql_mode       = @@sql_mode */ ;
/*!50003 SET sql_mode              = 'STRICT_TRANS_TABLES,NO_AUTO_CREATE_USER,NO_ENGINE_SUBSTITUTION' */ ;
DELIMITER ;;
CREATE DEFINER=`root`@`%` PROCEDURE `user_habit`()
BEGIN
	DECLARE no_more INT(1) DEFAULT 0;
	DECLARE tmp_menuId INT(11);
	DECLARE tmp_count INT(11);
	DECLARE tmp_id INT(11);
	DECLARE cur_user_count CURSOR FOR
		SELECT s_user.id userId,menuId,COUNT(0) num FROM l_user_operate,s_user 
			WHERE userId = s_user.id GROUP BY userId,menuId ;
	DECLARE CONTINUE HANDLER FOR NOT FOUND SET no_more = 1;
	
	OPEN cur_user_count;
	REPEAT 
		
		FETCH cur_user_count INTO tmp_id,tmp_menuId,tmp_count;

		IF NOT no_more
		THEN
			INSERT INTO s_user_habit(userId,menuId,times) 
				VALUES(tmp_id,tmp_menuId,tmp_count) ON DUPLICATE KEY 
					UPDATE times = times+tmp_count;
			SELECT tmp_id,tmp_menuId,tmp_count;
		END IF;

	UNTIL no_more END REPEAT;
	CLOSE cur_user_count;
	
	delete from l_user_operate WHERE 1=1;
END ;;
DELIMITER ;
/*!50003 SET sql_mode              = @saved_sql_mode */ ;
/*!50003 SET character_set_client  = @saved_cs_client */ ;
/*!50003 SET character_set_results = @saved_cs_results */ ;
/*!50003 SET collation_connection  = @saved_col_connection */ ;

--
-- Final view structure for view `v_category_group`
--

/*!50001 DROP TABLE IF EXISTS `v_category_group`*/;
/*!50001 DROP VIEW IF EXISTS `v_category_group`*/;
/*!50001 SET @saved_cs_client          = @@character_set_client */;
/*!50001 SET @saved_cs_results         = @@character_set_results */;
/*!50001 SET @saved_col_connection     = @@collation_connection */;
/*!50001 SET character_set_client      = utf8 */;
/*!50001 SET character_set_results     = utf8 */;
/*!50001 SET collation_connection      = utf8_general_ci */;
/*!50001 CREATE ALGORITHM=UNDEFINED */
/*!50013 DEFINER=`root`@`localhost` SQL SECURITY DEFINER */
/*!50001 VIEW `v_category_group` AS select `t1`.`id` AS `id`,`t1`.`name` AS `name`,`t1`.`groupId` AS `groupId`,`t2`.`name` AS `groupName`,`t1`.`ord` AS `ord`,`t1`.`remark` AS `remark` from (`r_category` `t1` join `r_group` `t2` on((`t1`.`groupId` = `t2`.`id`))) */;
/*!50001 SET character_set_client      = @saved_cs_client */;
/*!50001 SET character_set_results     = @saved_cs_results */;
/*!50001 SET collation_connection      = @saved_col_connection */;

--
-- Final view structure for view `v_chart_category_count`
--

/*!50001 DROP TABLE IF EXISTS `v_chart_category_count`*/;
/*!50001 DROP VIEW IF EXISTS `v_chart_category_count`*/;
/*!50001 SET @saved_cs_client          = @@character_set_client */;
/*!50001 SET @saved_cs_results         = @@character_set_results */;
/*!50001 SET @saved_col_connection     = @@collation_connection */;
/*!50001 SET character_set_client      = utf8 */;
/*!50001 SET character_set_results     = utf8 */;
/*!50001 SET collation_connection      = utf8_general_ci */;
/*!50001 CREATE ALGORITHM=UNDEFINED */
/*!50013 DEFINER=`root`@`%` SQL SECURITY DEFINER */
/*!50001 VIEW `v_chart_category_count` AS select `r_category`.`name` AS `name`,count(0) AS `num` from (`r_source_category_join` join `r_category`) where (`r_category`.`id` = `r_source_category_join`.`categoryId`) group by `r_source_category_join`.`categoryId` */;
/*!50001 SET character_set_client      = @saved_cs_client */;
/*!50001 SET character_set_results     = @saved_cs_results */;
/*!50001 SET collation_connection      = @saved_col_connection */;

--
-- Final view structure for view `v_chart_grade_count`
--

/*!50001 DROP TABLE IF EXISTS `v_chart_grade_count`*/;
/*!50001 DROP VIEW IF EXISTS `v_chart_grade_count`*/;
/*!50001 SET @saved_cs_client          = @@character_set_client */;
/*!50001 SET @saved_cs_results         = @@character_set_results */;
/*!50001 SET @saved_col_connection     = @@collation_connection */;
/*!50001 SET character_set_client      = utf8 */;
/*!50001 SET character_set_results     = utf8 */;
/*!50001 SET collation_connection      = utf8_general_ci */;
/*!50001 CREATE ALGORITHM=UNDEFINED */
/*!50013 DEFINER=`root`@`%` SQL SECURITY DEFINER */
/*!50001 VIEW `v_chart_grade_count` AS select `t2`.`name` AS `name`,count(0) AS `num` from ((`r_source` `t1` join `r_grade` `t2`) join `r_course` `t3`) where ((`t1`.`courseId` = `t3`.`id`) and (`t3`.`gradeId` = `t2`.`id`)) group by `t2`.`id` */;
/*!50001 SET character_set_client      = @saved_cs_client */;
/*!50001 SET character_set_results     = @saved_cs_results */;
/*!50001 SET collation_connection      = @saved_col_connection */;

--
-- Final view structure for view `v_chart_subject_count`
--

/*!50001 DROP TABLE IF EXISTS `v_chart_subject_count`*/;
/*!50001 DROP VIEW IF EXISTS `v_chart_subject_count`*/;
/*!50001 SET @saved_cs_client          = @@character_set_client */;
/*!50001 SET @saved_cs_results         = @@character_set_results */;
/*!50001 SET @saved_col_connection     = @@collation_connection */;
/*!50001 SET character_set_client      = utf8 */;
/*!50001 SET character_set_results     = utf8 */;
/*!50001 SET collation_connection      = utf8_general_ci */;
/*!50001 CREATE ALGORITHM=UNDEFINED */
/*!50013 DEFINER=`root`@`%` SQL SECURITY DEFINER */
/*!50001 VIEW `v_chart_subject_count` AS select `t2`.`name` AS `name`,count(0) AS `num` from ((`r_source` `t1` join `r_subject` `t2`) join `r_course` `t3`) where ((`t1`.`courseId` = `t3`.`id`) and (`t3`.`subjectId` = `t2`.`id`)) group by `t2`.`id` */;
/*!50001 SET character_set_client      = @saved_cs_client */;
/*!50001 SET character_set_results     = @saved_cs_results */;
/*!50001 SET collation_connection      = @saved_col_connection */;

--
-- Final view structure for view `v_chart_top_user_source`
--

/*!50001 DROP TABLE IF EXISTS `v_chart_top_user_source`*/;
/*!50001 DROP VIEW IF EXISTS `v_chart_top_user_source`*/;
/*!50001 SET @saved_cs_client          = @@character_set_client */;
/*!50001 SET @saved_cs_results         = @@character_set_results */;
/*!50001 SET @saved_col_connection     = @@collation_connection */;
/*!50001 SET character_set_client      = utf8 */;
/*!50001 SET character_set_results     = utf8 */;
/*!50001 SET collation_connection      = utf8_general_ci */;
/*!50001 CREATE ALGORITHM=UNDEFINED */
/*!50013 DEFINER=`root`@`%` SQL SECURITY DEFINER */
/*!50001 VIEW `v_chart_top_user_source` AS select `s_user`.`name` AS `name`,count(0) AS `num` from (`r_source` join `s_user`) where (`s_user`.`id` = `r_source`.`createUserId`) group by `r_source`.`createUserId` limit 0,8 */;
/*!50001 SET character_set_client      = @saved_cs_client */;
/*!50001 SET character_set_results     = @saved_cs_results */;
/*!50001 SET collation_connection      = @saved_col_connection */;

--
-- Final view structure for view `v_chart_user_count`
--

/*!50001 DROP TABLE IF EXISTS `v_chart_user_count`*/;
/*!50001 DROP VIEW IF EXISTS `v_chart_user_count`*/;
/*!50001 SET @saved_cs_client          = @@character_set_client */;
/*!50001 SET @saved_cs_results         = @@character_set_results */;
/*!50001 SET @saved_col_connection     = @@collation_connection */;
/*!50001 SET character_set_client      = utf8 */;
/*!50001 SET character_set_results     = utf8 */;
/*!50001 SET collation_connection      = utf8_general_ci */;
/*!50001 CREATE ALGORITHM=UNDEFINED */
/*!50013 DEFINER=`root`@`%` SQL SECURITY DEFINER */
/*!50001 VIEW `v_chart_user_count` AS select count(0) AS `num`,month(`s_user`.`createDate`) AS `month` from `s_user` where (`s_user`.`createDate` between (now() + interval -(8) month) and now()) group by month(`s_user`.`createDate`) order by `s_user`.`createDate` */;
/*!50001 SET character_set_client      = @saved_cs_client */;
/*!50001 SET character_set_results     = @saved_cs_results */;
/*!50001 SET collation_connection      = @saved_col_connection */;

--
-- Final view structure for view `v_course_grade_subject`
--

/*!50001 DROP TABLE IF EXISTS `v_course_grade_subject`*/;
/*!50001 DROP VIEW IF EXISTS `v_course_grade_subject`*/;
/*!50001 SET @saved_cs_client          = @@character_set_client */;
/*!50001 SET @saved_cs_results         = @@character_set_results */;
/*!50001 SET @saved_col_connection     = @@collation_connection */;
/*!50001 SET character_set_client      = utf8 */;
/*!50001 SET character_set_results     = utf8 */;
/*!50001 SET collation_connection      = utf8_general_ci */;
/*!50001 CREATE ALGORITHM=UNDEFINED */
/*!50013 DEFINER=`root`@`localhost` SQL SECURITY DEFINER */
/*!50001 VIEW `v_course_grade_subject` AS select `t1`.`id` AS `id`,`t1`.`name` AS `name`,`t1`.`gradeId` AS `gradeId`,`t1`.`remark` AS `remark`,`t3`.`name` AS `gradeName`,`t3`.`groupId` AS `groupId`,`t4`.`name` AS `groupName`,`t1`.`subjectId` AS `subjectId`,`t2`.`name` AS `subjectName` from (((`r_course` `t1` join `r_subject` `t2` on((`t1`.`subjectId` = `t2`.`id`))) join `r_grade` `t3` on((`t1`.`gradeId` = `t3`.`id`))) join `r_group` `t4` on((`t3`.`groupId` = `t4`.`id`))) order by `t1`.`gradeId`,`t1`.`subjectId` */;
/*!50001 SET character_set_client      = @saved_cs_client */;
/*!50001 SET character_set_results     = @saved_cs_results */;
/*!50001 SET collation_connection      = @saved_col_connection */;

--
-- Final view structure for view `v_grade_group`
--

/*!50001 DROP TABLE IF EXISTS `v_grade_group`*/;
/*!50001 DROP VIEW IF EXISTS `v_grade_group`*/;
/*!50001 SET @saved_cs_client          = @@character_set_client */;
/*!50001 SET @saved_cs_results         = @@character_set_results */;
/*!50001 SET @saved_col_connection     = @@collation_connection */;
/*!50001 SET character_set_client      = utf8 */;
/*!50001 SET character_set_results     = utf8 */;
/*!50001 SET collation_connection      = utf8_general_ci */;
/*!50001 CREATE ALGORITHM=UNDEFINED */
/*!50013 DEFINER=`root`@`localhost` SQL SECURITY DEFINER */
/*!50001 VIEW `v_grade_group` AS select `t1`.`id` AS `id`,`t1`.`name` AS `name`,`t1`.`groupId` AS `groupId`,`t1`.`isDisplay` AS `isDisplay`,`t2`.`name` AS `groupName`,`t1`.`remark` AS `remark` from (`r_grade` `t1` join `r_group` `t2` on((`t1`.`groupId` = `t2`.`id`))) */;
/*!50001 SET character_set_client      = @saved_cs_client */;
/*!50001 SET character_set_results     = @saved_cs_results */;
/*!50001 SET collation_connection      = @saved_col_connection */;

--
-- Final view structure for view `v_menu_menu`
--

/*!50001 DROP TABLE IF EXISTS `v_menu_menu`*/;
/*!50001 DROP VIEW IF EXISTS `v_menu_menu`*/;
/*!50001 SET @saved_cs_client          = @@character_set_client */;
/*!50001 SET @saved_cs_results         = @@character_set_results */;
/*!50001 SET @saved_col_connection     = @@collation_connection */;
/*!50001 SET character_set_client      = utf8 */;
/*!50001 SET character_set_results     = utf8 */;
/*!50001 SET collation_connection      = utf8_general_ci */;
/*!50001 CREATE ALGORITHM=UNDEFINED */
/*!50013 DEFINER=`root`@`localhost` SQL SECURITY DEFINER */
/*!50001 VIEW `v_menu_menu` AS select `t1`.`id` AS `id`,`t1`.`name` AS `name`,`t1`.`url` AS `url`,`t1`.`functionIdList` AS `functionIdList`,`t1`.`icon` AS `icon`,`t1`.`parentId` AS `parentId`,`t2`.`name` AS `parentName` from (`s_menu` `t1` join `s_menu` `t2` on((`t2`.`id` = `t1`.`parentId`))) */;
/*!50001 SET character_set_client      = @saved_cs_client */;
/*!50001 SET character_set_results     = @saved_cs_results */;
/*!50001 SET collation_connection      = @saved_col_connection */;

--
-- Final view structure for view `v_role_menu`
--

/*!50001 DROP TABLE IF EXISTS `v_role_menu`*/;
/*!50001 DROP VIEW IF EXISTS `v_role_menu`*/;
/*!50001 SET @saved_cs_client          = @@character_set_client */;
/*!50001 SET @saved_cs_results         = @@character_set_results */;
/*!50001 SET @saved_col_connection     = @@collation_connection */;
/*!50001 SET character_set_client      = utf8 */;
/*!50001 SET character_set_results     = utf8 */;
/*!50001 SET collation_connection      = utf8_general_ci */;
/*!50001 CREATE ALGORITHM=UNDEFINED */
/*!50013 DEFINER=`root`@`localhost` SQL SECURITY DEFINER */
/*!50001 VIEW `v_role_menu` AS select `t2`.`id` AS `roleId`,`t2`.`name` AS `roleName`,`t3`.`id` AS `menuId`,`t3`.`parentId` AS `parentId`,`t4`.`name` AS `parentName`,`t3`.`name` AS `menuName`,`t3`.`url` AS `url`,`t1`.`functionIdList` AS `functionIdList`,`t3`.`icon` AS `icon` from (((`s_role_menu_join` `t1` join `s_role` `t2` on((`t1`.`roleId` = `t2`.`id`))) join `s_menu` `t3` on((`t1`.`menuId` = `t3`.`id`))) join `s_menu` `t4` on((`t3`.`parentId` = `t4`.`id`))) */;
/*!50001 SET character_set_client      = @saved_cs_client */;
/*!50001 SET character_set_results     = @saved_cs_results */;
/*!50001 SET collation_connection      = @saved_col_connection */;

--
-- Final view structure for view `v_source`
--

/*!50001 DROP TABLE IF EXISTS `v_source`*/;
/*!50001 DROP VIEW IF EXISTS `v_source`*/;
/*!50001 SET @saved_cs_client          = @@character_set_client */;
/*!50001 SET @saved_cs_results         = @@character_set_results */;
/*!50001 SET @saved_col_connection     = @@collation_connection */;
/*!50001 SET character_set_client      = utf8 */;
/*!50001 SET character_set_results     = utf8 */;
/*!50001 SET collation_connection      = utf8_general_ci */;
/*!50001 CREATE ALGORITHM=UNDEFINED */
/*!50013 DEFINER=`root`@`localhost` SQL SECURITY DEFINER */
/*!50001 VIEW `v_source` AS select `t1`.`id` AS `id`,`t1`.`name` AS `name`,`t1`.`courseId` AS `courseId`,`t2`.`name` AS `courseName`,`t3`.`id` AS `gradeId`,`t3`.`name` AS `gradeName`,`t3`.`remark` AS `gradeRemark`,`t4`.`id` AS `subjectId`,`t4`.`name` AS `subjectName`,`t4`.`remark` AS `subjectRemark`,`t4`.`imageUrl` AS `subjectImageUrl`,`t1`.`keyWords` AS `keyWords`,`t1`.`mediaType` AS `mediaType`,`t1`.`mediaFormat` AS `mediaFormat`,`t1`.`playTime` AS `playTime`,`t1`.`fileSize` AS `fileSize`,`t1`.`author` AS `author`,`t1`.`publisher` AS `publisher`,`t1`.`description` AS `description`,`t1`.`createDate` AS `createDate`,`t1`.`approvalStatus` AS `approvalStatus`,`t1`.`price` AS `price`,`t1`.`viewTimes` AS `viewTimes`,`t1`.`useTimes` AS `useTimes`,`t1`.`url` AS `url`,`t1`.`createUserId` AS `createUserId`,`t1`.`createUserName` AS `createUserName`,`t8`.`id` AS `groupId`,`t8`.`name` AS `groupName`,group_concat(`t7`.`id` order by `t7`.`ord` ASC separator ',') AS `categoryIdList`,group_concat(`t7`.`name` order by `t7`.`ord` ASC separator ',') AS `categoryNameList` from ((((((`r_source` `t1` join `r_course` `t2` on((`t1`.`courseId` = `t2`.`id`))) join `r_grade` `t3` on((`t2`.`gradeId` = `t3`.`id`))) join `r_subject` `t4` on((`t2`.`subjectId` = `t4`.`id`))) join `r_source_category_join` `t6` on((`t1`.`id` = `t6`.`sourceId`))) join `r_category` `t7` on((`t7`.`id` = `t6`.`categoryId`))) join `r_group` `t8` on((`t8`.`id` = `t3`.`groupId`))) group by `t6`.`sourceId` */;
/*!50001 SET character_set_client      = @saved_cs_client */;
/*!50001 SET character_set_results     = @saved_cs_results */;
/*!50001 SET collation_connection      = @saved_col_connection */;

--
-- Final view structure for view `v_source_comment`
--

/*!50001 DROP TABLE IF EXISTS `v_source_comment`*/;
/*!50001 DROP VIEW IF EXISTS `v_source_comment`*/;
/*!50001 SET @saved_cs_client          = @@character_set_client */;
/*!50001 SET @saved_cs_results         = @@character_set_results */;
/*!50001 SET @saved_col_connection     = @@collation_connection */;
/*!50001 SET character_set_client      = utf8 */;
/*!50001 SET character_set_results     = utf8 */;
/*!50001 SET collation_connection      = utf8_general_ci */;
/*!50001 CREATE ALGORITHM=UNDEFINED */
/*!50013 DEFINER=`root`@`localhost` SQL SECURITY DEFINER */
/*!50001 VIEW `v_source_comment` AS select `t1`.`id` AS `id`,`t1`.`sourceId` AS `sourceId`,`t1`.`parentId` AS `parentId`,`t1`.`content` AS `content`,`t1`.`createId` AS `createId`,`t1`.`createDate` AS `createDate`,`t2`.`name` AS `createName`,`t2`.`icon` AS `createIcon` from (`r_source_comment` `t1` join `s_user` `t2` on((`t2`.`id` = `t1`.`createId`))) */;
/*!50001 SET character_set_client      = @saved_cs_client */;
/*!50001 SET character_set_results     = @saved_cs_results */;
/*!50001 SET collation_connection      = @saved_col_connection */;

--
-- Final view structure for view `v_subject_group`
--

/*!50001 DROP TABLE IF EXISTS `v_subject_group`*/;
/*!50001 DROP VIEW IF EXISTS `v_subject_group`*/;
/*!50001 SET @saved_cs_client          = @@character_set_client */;
/*!50001 SET @saved_cs_results         = @@character_set_results */;
/*!50001 SET @saved_col_connection     = @@collation_connection */;
/*!50001 SET character_set_client      = utf8 */;
/*!50001 SET character_set_results     = utf8 */;
/*!50001 SET collation_connection      = utf8_general_ci */;
/*!50001 CREATE ALGORITHM=UNDEFINED */
/*!50013 DEFINER=`root`@`localhost` SQL SECURITY DEFINER */
/*!50001 VIEW `v_subject_group` AS select `t1`.`id` AS `id`,`t1`.`name` AS `name`,`t1`.`imageUrl` AS `imageUrl`,`t1`.`isDisplay` AS `isDisplay`,`t1`.`groupId` AS `groupId`,`t2`.`name` AS `groupName`,`t1`.`remark` AS `remark` from (`r_subject` `t1` join `r_group` `t2` on((`t1`.`groupId` = `t2`.`id`))) */;
/*!50001 SET character_set_client      = @saved_cs_client */;
/*!50001 SET character_set_results     = @saved_cs_results */;
/*!50001 SET collation_connection      = @saved_col_connection */;

--
-- Final view structure for view `v_topic_source`
--

/*!50001 DROP TABLE IF EXISTS `v_topic_source`*/;
/*!50001 DROP VIEW IF EXISTS `v_topic_source`*/;
/*!50001 SET @saved_cs_client          = @@character_set_client */;
/*!50001 SET @saved_cs_results         = @@character_set_results */;
/*!50001 SET @saved_col_connection     = @@collation_connection */;
/*!50001 SET character_set_client      = utf8 */;
/*!50001 SET character_set_results     = utf8 */;
/*!50001 SET collation_connection      = utf8_general_ci */;
/*!50001 CREATE ALGORITHM=UNDEFINED */
/*!50013 DEFINER=`root`@`localhost` SQL SECURITY DEFINER */
/*!50001 VIEW `v_topic_source` AS select `t3`.`id` AS `id`,`t2`.`id` AS `topicId`,`t2`.`name` AS `topicName`,`t2`.`isDisplay` AS `isDisplay`,`t2`.`description` AS `topicDescription`,`t2`.`createUserId` AS `topicCreateUserId`,`t2`.`keyWords` AS `topicKeyWords`,`t2`.`lastUpdateDate` AS `lastUpdateDate`,`t2`.`viewTimes` AS `topicViewTimes`,`t2`.`createDate` AS `topicCreateDate`,`t2`.`remark` AS `remark`,`t4`.`id` AS `subtitleId`,`t4`.`subtitle` AS `subtitle`,`t1`.`id` AS `sourceId`,`t1`.`name` AS `sourceName`,`t1`.`courseId` AS `courseId`,`t1`.`keyWords` AS `keyWords`,`t1`.`mediaType` AS `mediaType`,`t1`.`mediaFormat` AS `mediaFormat`,`t1`.`playTime` AS `playTime`,`t1`.`fileSize` AS `fileSize`,`t1`.`author` AS `sourceAuthor`,`t1`.`publisher` AS `publisher`,`t1`.`description` AS `sourceDescription`,`t1`.`createDate` AS `createDate`,`t1`.`approvalStatus` AS `approvalStatus`,`t1`.`price` AS `price`,`t1`.`viewTimes` AS `viewTimes`,`t1`.`useTimes` AS `useTimes`,`t1`.`url` AS `url`,`t1`.`createUserId` AS `createUserId` from (((`r_topic_source_join` `t3` join `r_source` `t1` on((`t3`.`sourceId` = `t1`.`id`))) join `r_topic_subtitle` `t4` on((`t3`.`subtitleId` = `t4`.`id`))) join `r_topic` `t2` on((`t4`.`topicId` = `t2`.`id`))) */;
/*!50001 SET character_set_client      = @saved_cs_client */;
/*!50001 SET character_set_results     = @saved_cs_results */;
/*!50001 SET collation_connection      = @saved_col_connection */;

--
-- Final view structure for view `v_topic_subtitle_source`
--

/*!50001 DROP TABLE IF EXISTS `v_topic_subtitle_source`*/;
/*!50001 DROP VIEW IF EXISTS `v_topic_subtitle_source`*/;
/*!50001 SET @saved_cs_client          = @@character_set_client */;
/*!50001 SET @saved_cs_results         = @@character_set_results */;
/*!50001 SET @saved_col_connection     = @@collation_connection */;
/*!50001 SET character_set_client      = utf8 */;
/*!50001 SET character_set_results     = utf8 */;
/*!50001 SET collation_connection      = utf8_general_ci */;
/*!50001 CREATE ALGORITHM=UNDEFINED */
/*!50013 DEFINER=`root`@`localhost` SQL SECURITY DEFINER */
/*!50001 VIEW `v_topic_subtitle_source` AS select `t1`.`id` AS `id`,`t3`.`id` AS `topicId`,`t3`.`name` AS `topicName`,`t3`.`isDisplay` AS `isDisplay`,`t3`.`description` AS `topicDescription`,`t3`.`createUserId` AS `topicCreateUserId`,`t3`.`keyWords` AS `topicKeyWords`,`t3`.`lastUpdateDate` AS `lastUpdateDate`,`t3`.`viewTimes` AS `topicViewTimes`,`t3`.`createDate` AS `topicCreateDate`,`t3`.`remark` AS `remark`,`t2`.`id` AS `subtitleId`,`t2`.`subtitle` AS `subtitleName`,`t1`.`name` AS `sourceName`,`t1`.`keyWords` AS `keyWords`,`t1`.`mediaType` AS `mediaType`,`t1`.`mediaFormat` AS `mediaFormat`,`t1`.`playTime` AS `playTime`,`t1`.`fileSize` AS `fileSize`,`t1`.`author` AS `sourceAuthor`,`t1`.`publisher` AS `publisher`,`t1`.`description` AS `sourceDescription`,`t1`.`createDate` AS `createDate`,`t1`.`price` AS `price`,`t1`.`viewTimes` AS `viewTimes`,`t1`.`useTimes` AS `useTimes`,`t1`.`url` AS `url`,`t1`.`createUserId` AS `createUserId` from ((`r_topic_source` `t1` join `r_topic_subtitle` `t2` on((`t1`.`topicSubtitleId` = `t2`.`id`))) join `r_topic` `t3` on((`t2`.`topicId` = `t3`.`id`))) */;
/*!50001 SET character_set_client      = @saved_cs_client */;
/*!50001 SET character_set_results     = @saved_cs_results */;
/*!50001 SET collation_connection      = @saved_col_connection */;

--
-- Final view structure for view `v_user_habit`
--

/*!50001 DROP TABLE IF EXISTS `v_user_habit`*/;
/*!50001 DROP VIEW IF EXISTS `v_user_habit`*/;
/*!50001 SET @saved_cs_client          = @@character_set_client */;
/*!50001 SET @saved_cs_results         = @@character_set_results */;
/*!50001 SET @saved_col_connection     = @@collation_connection */;
/*!50001 SET character_set_client      = utf8 */;
/*!50001 SET character_set_results     = utf8 */;
/*!50001 SET collation_connection      = utf8_general_ci */;
/*!50001 CREATE ALGORITHM=UNDEFINED */
/*!50013 DEFINER=`root`@`%` SQL SECURITY DEFINER */
/*!50001 VIEW `v_user_habit` AS select `u`.`id` AS `id`,`m`.`id` AS `menuId`,`m`.`name` AS `name`,`m`.`url` AS `url` from ((`s_user_habit` `uh` join `s_user` `u`) join `s_menu` `m`) where ((`uh`.`userId` = `u`.`id`) and (`uh`.`menuId` = `m`.`id`) and (`uh`.`times` > 10)) order by `uh`.`times` limit 0,6 */;
/*!50001 SET character_set_client      = @saved_cs_client */;
/*!50001 SET character_set_results     = @saved_cs_results */;
/*!50001 SET collation_connection      = @saved_col_connection */;

--
-- Final view structure for view `v_user_role`
--

/*!50001 DROP TABLE IF EXISTS `v_user_role`*/;
/*!50001 DROP VIEW IF EXISTS `v_user_role`*/;
/*!50001 SET @saved_cs_client          = @@character_set_client */;
/*!50001 SET @saved_cs_results         = @@character_set_results */;
/*!50001 SET @saved_col_connection     = @@collation_connection */;
/*!50001 SET character_set_client      = utf8 */;
/*!50001 SET character_set_results     = utf8 */;
/*!50001 SET collation_connection      = utf8_general_ci */;
/*!50001 CREATE ALGORITHM=UNDEFINED */
/*!50013 DEFINER=`root`@`localhost` SQL SECURITY DEFINER */
/*!50001 VIEW `v_user_role` AS select `s_user`.`id` AS `userId`,`s_user`.`username` AS `username`,`s_user`.`password` AS `password`,`s_user`.`name` AS `realname`,`s_user`.`idcard` AS `idcard`,`s_user`.`sex` AS `sex`,`s_user`.`qq` AS `qq`,`s_user`.`telephone` AS `telephone`,`s_user`.`birth` AS `birth`,`s_user`.`department` AS `department`,`s_role`.`id` AS `roleId`,`s_role`.`name` AS `rolename` from ((`s_user` join `s_role`) join `s_user_role_join`) where ((`s_user`.`id` = `s_user_role_join`.`userId`) and (`s_role`.`id` = `s_user_role_join`.`roleId`)) */;
/*!50001 SET character_set_client      = @saved_cs_client */;
/*!50001 SET character_set_results     = @saved_cs_results */;
/*!50001 SET collation_connection      = @saved_col_connection */;

--
-- Final view structure for view `v_user_role_menu`
--

/*!50001 DROP TABLE IF EXISTS `v_user_role_menu`*/;
/*!50001 DROP VIEW IF EXISTS `v_user_role_menu`*/;
/*!50001 SET @saved_cs_client          = @@character_set_client */;
/*!50001 SET @saved_cs_results         = @@character_set_results */;
/*!50001 SET @saved_col_connection     = @@collation_connection */;
/*!50001 SET character_set_client      = utf8 */;
/*!50001 SET character_set_results     = utf8 */;
/*!50001 SET collation_connection      = utf8_general_ci */;
/*!50001 CREATE ALGORITHM=UNDEFINED */
/*!50013 DEFINER=`root`@`localhost` SQL SECURITY DEFINER */
/*!50001 VIEW `v_user_role_menu` AS select `t2`.`id` AS `roleId`,`t1`.`menuId` AS `menuId`,`t1`.`functionIdList` AS `functionIdList`,`t5`.`id` AS `userId` from (((`s_role_menu_join` `t1` join `s_role` `t2` on((`t1`.`roleId` = `t2`.`id`))) join `s_user_role_join` `t4` on((`t2`.`id` = `t4`.`roleId`))) join `s_user` `t5` on((`t4`.`userId` = `t5`.`id`))) */;
/*!50001 SET character_set_client      = @saved_cs_client */;
/*!50001 SET character_set_results     = @saved_cs_results */;
/*!50001 SET collation_connection      = @saved_col_connection */;
/*!40103 SET TIME_ZONE=@OLD_TIME_ZONE */;

/*!40101 SET SQL_MODE=@OLD_SQL_MODE */;
/*!40014 SET FOREIGN_KEY_CHECKS=@OLD_FOREIGN_KEY_CHECKS */;
/*!40014 SET UNIQUE_CHECKS=@OLD_UNIQUE_CHECKS */;
/*!40101 SET CHARACTER_SET_CLIENT=@OLD_CHARACTER_SET_CLIENT */;
/*!40101 SET CHARACTER_SET_RESULTS=@OLD_CHARACTER_SET_RESULTS */;
/*!40101 SET COLLATION_CONNECTION=@OLD_COLLATION_CONNECTION */;
/*!40111 SET SQL_NOTES=@OLD_SQL_NOTES */;

-- Dump completed on 2014-01-06 16:06:35
