CREATE DATABASE  IF NOT EXISTS `hnfnuzyw` /*!40100 DEFAULT CHARACTER SET utf8 */;
USE `hnfnuzyw`;
-- MySQL dump 10.13  Distrib 5.6.11, for Win32 (x86)
--
-- Host: localhost    Database: hnfnuzyw
-- ------------------------------------------------------
-- Server version	5.6.11

/*!40101 SET @OLD_CHARACTER_SET_CLIENT=@@CHARACTER_SET_CLIENT */;
/*!40101 SET @OLD_CHARACTER_SET_RESULTS=@@CHARACTER_SET_RESULTS */;
/*!40101 SET @OLD_COLLATION_CONNECTION=@@COLLATION_CONNECTION */;
/*!40101 SET NAMES utf8 */;
/*!40103 SET @OLD_TIME_ZONE=@@TIME_ZONE */;
/*!40103 SET TIME_ZONE='+00:00' */;
/*!40014 SET @OLD_UNIQUE_CHECKS=@@UNIQUE_CHECKS, UNIQUE_CHECKS=0 */;
/*!40014 SET @OLD_FOREIGN_KEY_CHECKS=@@FOREIGN_KEY_CHECKS, FOREIGN_KEY_CHECKS=0 */;
/*!40101 SET @OLD_SQL_MODE=@@SQL_MODE, SQL_MODE='NO_AUTO_VALUE_ON_ZERO' */;
/*!40111 SET @OLD_SQL_NOTES=@@SQL_NOTES, SQL_NOTES=0 */;

--
-- Table structure for table `f_news`
--

DROP TABLE IF EXISTS `f_news`;
/*!40101 SET @saved_cs_client     = @@character_set_client */;
/*!40101 SET character_set_client = utf8 */;
CREATE TABLE `f_news` (
  `id` int(11) NOT NULL AUTO_INCREMENT COMMENT '主键',
  `title` varchar(80) NOT NULL COMMENT '标题',
  `content` text NOT NULL COMMENT '正文',
  `date` date DEFAULT NULL COMMENT '日期',
  `createUserId` varchar(45) DEFAULT NULL COMMENT '创建者用户id',
  `priority` int(11) DEFAULT NULL COMMENT '优先级，默认为0',
  PRIMARY KEY (`id`)
) ENGINE=InnoDB DEFAULT CHARSET=utf8 COMMENT='新闻管理类';
/*!40101 SET character_set_client = @saved_cs_client */;

--
-- Dumping data for table `f_news`
--

LOCK TABLES `f_news` WRITE;
/*!40000 ALTER TABLE `f_news` DISABLE KEYS */;
/*!40000 ALTER TABLE `f_news` ENABLE KEYS */;
UNLOCK TABLES;

--
-- Table structure for table `r_category`
--

DROP TABLE IF EXISTS `r_category`;
/*!40101 SET @saved_cs_client     = @@character_set_client */;
/*!40101 SET character_set_client = utf8 */;
CREATE TABLE `r_category` (
  `id` int(11) NOT NULL AUTO_INCREMENT COMMENT 'id',
  `name` varchar(45) NOT NULL COMMENT '类别名称',
  `remark` text,
  PRIMARY KEY (`id`)
) ENGINE=InnoDB AUTO_INCREMENT=12 DEFAULT CHARSET=utf8 COMMENT='类别表';
/*!40101 SET character_set_client = @saved_cs_client */;

--
-- Dumping data for table `r_category`
--

LOCK TABLES `r_category` WRITE;
/*!40000 ALTER TABLE `r_category` DISABLE KEYS */;
/*!40000 ALTER TABLE `r_category` ENABLE KEYS */;
UNLOCK TABLES;

--
-- Table structure for table `r_course`
--

DROP TABLE IF EXISTS `r_course`;
/*!40101 SET @saved_cs_client     = @@character_set_client */;
/*!40101 SET character_set_client = utf8 */;
CREATE TABLE `r_course` (
  `id` int(11) NOT NULL AUTO_INCREMENT COMMENT 'id',
  `name` varchar(80) NOT NULL COMMENT '课程名称',
  `gradeId` int(11) NOT NULL COMMENT '课程所在年级的id',
  `subjectId` int(11) NOT NULL COMMENT '课程所在科目的id',
  `remark` text,
  PRIMARY KEY (`id`)
) ENGINE=InnoDB AUTO_INCREMENT=6 DEFAULT CHARSET=utf8 COMMENT='课程表';
/*!40101 SET character_set_client = @saved_cs_client */;

--
-- Dumping data for table `r_course`
--

LOCK TABLES `r_course` WRITE;
/*!40000 ALTER TABLE `r_course` DISABLE KEYS */;
INSERT INTO `r_course` VALUES (1,'第一课 小妈妈找蝌蚪',1,1,'123123'),(2,'第四课 爷爷好烦人',3,4,NULL),(3,'第二课 小胖胖找小笨笨',2,3,''),(4,'第三课 吃南瓜粑粑',3,4,''),(5,'第一课 霞霞美白记~',1,3,'');
/*!40000 ALTER TABLE `r_course` ENABLE KEYS */;
UNLOCK TABLES;

--
-- Table structure for table `r_grade`
--

DROP TABLE IF EXISTS `r_grade`;
/*!40101 SET @saved_cs_client     = @@character_set_client */;
/*!40101 SET character_set_client = utf8 */;
CREATE TABLE `r_grade` (
  `id` int(11) NOT NULL AUTO_INCREMENT COMMENT 'id',
  `name` varchar(45) NOT NULL COMMENT '年级名称',
  `remark` text,
  PRIMARY KEY (`id`)
) ENGINE=InnoDB AUTO_INCREMENT=7 DEFAULT CHARSET=utf8 COMMENT='年级表';
/*!40101 SET character_set_client = @saved_cs_client */;

--
-- Dumping data for table `r_grade`
--

LOCK TABLES `r_grade` WRITE;
/*!40000 ALTER TABLE `r_grade` DISABLE KEYS */;
INSERT INTO `r_grade` VALUES (1,'一年级','243234'),(2,'二年级','dfsdfsad'),(3,'三年级','fgdf'),(4,'四年级',''),(5,'五年级',''),(6,'六年级','');
/*!40000 ALTER TABLE `r_grade` ENABLE KEYS */;
UNLOCK TABLES;

--
-- Table structure for table `r_source`
--

DROP TABLE IF EXISTS `r_source`;
/*!40101 SET @saved_cs_client     = @@character_set_client */;
/*!40101 SET character_set_client = utf8 */;
CREATE TABLE `r_source` (
  `id` int(11) NOT NULL AUTO_INCREMENT COMMENT 'id',
  `name` varchar(45) NOT NULL COMMENT '资源名称',
  `courseId` int(11) NOT NULL COMMENT '属于的课程的id',
  `keyWords` text COMMENT '关键字列表，用"；"分隔',
  `mediaType` varchar(45) DEFAULT NULL COMMENT '媒体类型，如：文本，ppt，视频等',
  `mediaFormat` varchar(45) DEFAULT NULL COMMENT '媒体格式，如：jpg，mp4等',
  `playTime` varchar(20) DEFAULT NULL COMMENT '播放时间，只有视频拥有这个属性',
  `fileSize` varchar(50) DEFAULT NULL COMMENT '文件大小',
  `author` varchar(255) DEFAULT NULL COMMENT '作者',
  `publisher` text COMMENT '出版社',
  `description` text COMMENT '描述',
  `createDate` datetime DEFAULT NULL COMMENT '创建时间',
  `approvalStatus` varchar(45) DEFAULT '0' COMMENT '审核状态',
  `quality` varchar(50) DEFAULT NULL COMMENT '质量等级',
  `price` double DEFAULT '0' COMMENT '价格',
  `viewTimes` int(11) DEFAULT '0' COMMENT '访问次数',
  `useTimes` int(11) DEFAULT '0' COMMENT '下载或者使用次数',
  `url` varchar(255) NOT NULL,
  `createUserId` int(11) DEFAULT NULL,
  PRIMARY KEY (`id`)
) ENGINE=InnoDB AUTO_INCREMENT=36 DEFAULT CHARSET=utf8 COMMENT='资源表';
/*!40101 SET character_set_client = @saved_cs_client */;

--
-- Dumping data for table `r_source`
--

LOCK TABLES `r_source` WRITE;
/*!40000 ALTER TABLE `r_source` DISABLE KEYS */;
INSERT INTO `r_source` VALUES (34,'123123',1,'123123','','','','0','','','','2013-09-16 11:33:48','0',NULL,0,0,0,'E:\\WebWorkspace\\hnfnu-resource\\trunk\\hnfnuzyw\\WebRoot\\uploads\\(2)readme.txt',6),(35,'222',1,'222','','','','0','','','','2013-09-16 21:11:31','0',NULL,0,0,0,'E:\\WebWorkspace\\hnfnu-resource\\trunk\\hnfnuzyw\\WebRoot\\uploads\\(2)readme.txt',6);
/*!40000 ALTER TABLE `r_source` ENABLE KEYS */;
UNLOCK TABLES;

--
-- Table structure for table `r_source_category_join`
--

DROP TABLE IF EXISTS `r_source_category_join`;
/*!40101 SET @saved_cs_client     = @@character_set_client */;
/*!40101 SET character_set_client = utf8 */;
CREATE TABLE `r_source_category_join` (
  `id` int(11) NOT NULL AUTO_INCREMENT,
  `sourceId` int(11) NOT NULL,
  `categoryId` int(11) NOT NULL,
  PRIMARY KEY (`id`),
  KEY `fk_sourceId_idx` (`sourceId`),
  KEY `fk_categoryId_idx` (`categoryId`),
  CONSTRAINT `fk_categoryId` FOREIGN KEY (`categoryId`) REFERENCES `r_category` (`id`) ON DELETE CASCADE ON UPDATE NO ACTION,
  CONSTRAINT `fk_sourceId` FOREIGN KEY (`sourceId`) REFERENCES `r_source` (`id`) ON DELETE CASCADE ON UPDATE NO ACTION
) ENGINE=InnoDB AUTO_INCREMENT=89 DEFAULT CHARSET=utf8 COMMENT='资源和类别的挂接表，一个资源有多个类别。一个类别也可以属于多个资源';
/*!40101 SET character_set_client = @saved_cs_client */;

--
-- Dumping data for table `r_source_category_join`
--

LOCK TABLES `r_source_category_join` WRITE;
/*!40000 ALTER TABLE `r_source_category_join` DISABLE KEYS */;
/*!40000 ALTER TABLE `r_source_category_join` ENABLE KEYS */;
UNLOCK TABLES;

--
-- Table structure for table `r_source_comment`
--

DROP TABLE IF EXISTS `r_source_comment`;
/*!40101 SET @saved_cs_client     = @@character_set_client */;
/*!40101 SET character_set_client = utf8 */;
CREATE TABLE `r_source_comment` (
  `id` int(11) NOT NULL AUTO_INCREMENT COMMENT 'id',
  `sourceId` int(11) NOT NULL COMMENT '所评价的资源的Id',
  `parentId` int(11) NOT NULL DEFAULT '0' COMMENT '评价的父评价id，0则表示此条为最顶评论',
  `content` text COMMENT '评论的内容',
  `authorId` int(11) NOT NULL COMMENT '评论的作者id，用于链接评论人员的信息',
  `createDate` datetime DEFAULT NULL COMMENT '创建日期',
  PRIMARY KEY (`id`)
) ENGINE=InnoDB DEFAULT CHARSET=utf8 COMMENT='资源评价表';
/*!40101 SET character_set_client = @saved_cs_client */;

--
-- Dumping data for table `r_source_comment`
--

LOCK TABLES `r_source_comment` WRITE;
/*!40000 ALTER TABLE `r_source_comment` DISABLE KEYS */;
/*!40000 ALTER TABLE `r_source_comment` ENABLE KEYS */;
UNLOCK TABLES;

--
-- Table structure for table `r_subject`
--

DROP TABLE IF EXISTS `r_subject`;
/*!40101 SET @saved_cs_client     = @@character_set_client */;
/*!40101 SET character_set_client = utf8 */;
CREATE TABLE `r_subject` (
  `id` int(11) NOT NULL AUTO_INCREMENT COMMENT 'id',
  `name` varchar(45) NOT NULL COMMENT '科目名称',
  `remark` text,
  PRIMARY KEY (`id`)
) ENGINE=InnoDB AUTO_INCREMENT=6 DEFAULT CHARSET=utf8 COMMENT='科目表';
/*!40101 SET character_set_client = @saved_cs_client */;

--
-- Dumping data for table `r_subject`
--

LOCK TABLES `r_subject` WRITE;
/*!40000 ALTER TABLE `r_subject` DISABLE KEYS */;
INSERT INTO `r_subject` VALUES (1,'语文','sdfwse'),(2,'数学',''),(3,'历史',''),(4,'自然',''),(5,'英语','我要过六级~你妹');
/*!40000 ALTER TABLE `r_subject` ENABLE KEYS */;
UNLOCK TABLES;

--
-- Table structure for table `r_topic`
--

DROP TABLE IF EXISTS `r_topic`;
/*!40101 SET @saved_cs_client     = @@character_set_client */;
/*!40101 SET character_set_client = utf8 */;
CREATE TABLE `r_topic` (
  `id` int(11) NOT NULL AUTO_INCREMENT COMMENT 'id',
  `name` varchar(100) NOT NULL COMMENT '专题名称',
  `description` text NOT NULL COMMENT '专题简介',
  `author` varchar(45) NOT NULL COMMENT '专题作者',
  `remark` text COMMENT '备注',
  PRIMARY KEY (`id`)
) ENGINE=InnoDB AUTO_INCREMENT=4 DEFAULT CHARSET=utf8 COMMENT='专题资源\n';
/*!40101 SET character_set_client = @saved_cs_client */;

--
-- Dumping data for table `r_topic`
--

LOCK TABLES `r_topic` WRITE;
/*!40000 ALTER TABLE `r_topic` DISABLE KEYS */;
INSERT INTO `r_topic` VALUES (1,'三笔字','三笔字为毛笔，钢笔，铅笔三笔','笨笨大王',''),(2,'美食展','萝卜青菜','胖胖喽喽',''),(3,'霞霞比武招亲','谁吃的多就赢','师傅','');
/*!40000 ALTER TABLE `r_topic` ENABLE KEYS */;
UNLOCK TABLES;

--
-- Table structure for table `r_topic_source_join`
--

DROP TABLE IF EXISTS `r_topic_source_join`;
/*!40101 SET @saved_cs_client     = @@character_set_client */;
/*!40101 SET character_set_client = utf8 */;
CREATE TABLE `r_topic_source_join` (
  `id` int(11) NOT NULL AUTO_INCREMENT,
  `topicId` int(11) NOT NULL,
  `sourceID` int(11) NOT NULL,
  PRIMARY KEY (`id`)
) ENGINE=InnoDB AUTO_INCREMENT=12 DEFAULT CHARSET=utf8 COMMENT='专题资源挂接表';
/*!40101 SET character_set_client = @saved_cs_client */;

--
-- Dumping data for table `r_topic_source_join`
--

LOCK TABLES `r_topic_source_join` WRITE;
/*!40000 ALTER TABLE `r_topic_source_join` DISABLE KEYS */;
INSERT INTO `r_topic_source_join` VALUES (1,1,9),(2,1,10),(6,0,15),(7,0,17),(8,0,16),(9,0,19),(10,0,21),(11,0,18);
/*!40000 ALTER TABLE `r_topic_source_join` ENABLE KEYS */;
UNLOCK TABLES;

--
-- Table structure for table `s_function`
--

DROP TABLE IF EXISTS `s_function`;
/*!40101 SET @saved_cs_client     = @@character_set_client */;
/*!40101 SET character_set_client = utf8 */;
CREATE TABLE `s_function` (
  `id` int(11) NOT NULL AUTO_INCREMENT,
  `name` varchar(20) NOT NULL COMMENT '功能的缩写字母，要大写',
  `remark` varchar(20) NOT NULL COMMENT '功能的中文名称',
  PRIMARY KEY (`id`),
  UNIQUE KEY `name_UNIQUE` (`name`),
  UNIQUE KEY `remark_UNIQUE` (`remark`)
) ENGINE=InnoDB AUTO_INCREMENT=8 DEFAULT CHARSET=utf8;
/*!40101 SET character_set_client = @saved_cs_client */;

--
-- Dumping data for table `s_function`
--

LOCK TABLES `s_function` WRITE;
/*!40000 ALTER TABLE `s_function` DISABLE KEYS */;
INSERT INTO `s_function` VALUES (1,'add','新增'),(2,'delete','删除'),(3,'modify','修改'),(4,'query','查询'),(5,'refresh','刷新'),(6,'join','挂接'),(7,'modify_pwd','修改密码');
/*!40000 ALTER TABLE `s_function` ENABLE KEYS */;
UNLOCK TABLES;

--
-- Table structure for table `s_menu`
--

DROP TABLE IF EXISTS `s_menu`;
/*!40101 SET @saved_cs_client     = @@character_set_client */;
/*!40101 SET character_set_client = utf8 */;
CREATE TABLE `s_menu` (
  `id` int(11) NOT NULL AUTO_INCREMENT,
  `parentId` int(11) DEFAULT '-1' COMMENT '父菜单的id，如果是-1， 则表示当前为最高级菜单',
  `name` varchar(30) NOT NULL COMMENT '菜单的名字',
  `url` varchar(50) DEFAULT NULL COMMENT '菜单点击后调用的链接',
  `functionIdList` varchar(100) DEFAULT NULL COMMENT '菜单所拥有的功能的id列表，用‘，’分割',
  `icon` varchar(100) DEFAULT NULL COMMENT '菜单的图标',
  PRIMARY KEY (`id`)
) ENGINE=InnoDB AUTO_INCREMENT=63 DEFAULT CHARSET=utf8;
/*!40101 SET character_set_client = @saved_cs_client */;

--
-- Dumping data for table `s_menu`
--

LOCK TABLES `s_menu` WRITE;
/*!40000 ALTER TABLE `s_menu` DISABLE KEYS */;
INSERT INTO `s_menu` VALUES (40,-1,'管理系统','','',''),(41,-1,'资源库系统','','',''),(45,-1,'在线备课','','',''),(46,40,'菜单管理','App/System/Menu/MenuManage.html','1;2;3','./App/Lib/icons/32X32/product_169.gif'),(47,40,'角色管理','App/System/Role/RoleManage.html','1;2;3;6','./App/Lib/icons/32X32/product_169.gif'),(48,40,'用户管理','App/System/User/UserManage.html','1;2;3;6;7','./App/Lib/icons/32X32/product_169.gif'),(49,40,'功能管理','App/System/Function/FunctionManage.html','1;2;3','./App/Lib/icons/32X32/product_169.gif'),(50,40,'参数管理','App/System/Parameter/ParameterManage.html','1;2;3','./App/Lib/icons/32X32/product_169.gif'),(51,41,'学科管理','App/Resources/Subject/SubjectManage.html','1;2;3','./App/Lib/icons/32X32/product_169.gif'),(52,41,'年级管理','App/Resources/Grade/GradeManage.html','1;2;3','./App/Lib/icons/32X32/product_169.gif'),(53,41,'类别管理','App/Resources/Category/CategoryManage.html','1;2;3','./App/Lib/icons/32X32/product_169.gif'),(54,41,'课程管理','App/Resources/Course/CourseManage.html','1;2;3','./App/Lib/icons/32X32/product_169.gif'),(55,41,'资源管理','App/Resources/Source/SourceManage.html','1;2;3','./App/Lib/icons/32X32/product_169.gif'),(56,-1,'专题系统','','',''),(57,41,'专题管理','App/Resources/Topic/TopicManage.html','1;2;3;6','./App/Lib/icons/32X32/product_169.gif'),(58,41,'测试','','1;2;3;4',''),(61,-1,'网站系统','','',''),(62,61,'页面生成','App/Website/Page/PageManage.html','6','./App/Lib/icons/32X32/product_169.gif');
/*!40000 ALTER TABLE `s_menu` ENABLE KEYS */;
UNLOCK TABLES;

--
-- Table structure for table `s_parameter`
--

DROP TABLE IF EXISTS `s_parameter`;
/*!40101 SET @saved_cs_client     = @@character_set_client */;
/*!40101 SET character_set_client = utf8 */;
CREATE TABLE `s_parameter` (
  `id` int(11) NOT NULL AUTO_INCREMENT,
  `name` varchar(100) NOT NULL COMMENT '参数的名称',
  `value` varchar(20) NOT NULL COMMENT '参数的值',
  `type` varchar(20) NOT NULL COMMENT '参数的类型',
  `remark` text COMMENT '参数备注',
  PRIMARY KEY (`id`)
) ENGINE=InnoDB DEFAULT CHARSET=utf8;
/*!40101 SET character_set_client = @saved_cs_client */;

--
-- Dumping data for table `s_parameter`
--

LOCK TABLES `s_parameter` WRITE;
/*!40000 ALTER TABLE `s_parameter` DISABLE KEYS */;
/*!40000 ALTER TABLE `s_parameter` ENABLE KEYS */;
UNLOCK TABLES;

--
-- Table structure for table `s_role`
--

DROP TABLE IF EXISTS `s_role`;
/*!40101 SET @saved_cs_client     = @@character_set_client */;
/*!40101 SET character_set_client = utf8 */;
CREATE TABLE `s_role` (
  `id` int(11) NOT NULL AUTO_INCREMENT,
  `name` varchar(50) NOT NULL COMMENT '角色名',
  `createUserId` int(11) DEFAULT NULL COMMENT '创建用户id',
  `createUserName` varchar(45) DEFAULT NULL,
  `remark` text COMMENT '备注',
  PRIMARY KEY (`id`)
) ENGINE=InnoDB AUTO_INCREMENT=5 DEFAULT CHARSET=utf8;
/*!40101 SET character_set_client = @saved_cs_client */;

--
-- Dumping data for table `s_role`
--

LOCK TABLES `s_role` WRITE;
/*!40000 ALTER TABLE `s_role` DISABLE KEYS */;
INSERT INTO `s_role` VALUES (1,'教师',NULL,NULL,'风格化'),(2,'学生',1,NULL,NULL),(3,'录入员',NULL,NULL,'123'),(4,'管理员',NULL,NULL,'sdgd');
/*!40000 ALTER TABLE `s_role` ENABLE KEYS */;
UNLOCK TABLES;

--
-- Table structure for table `s_role_menu_join`
--

DROP TABLE IF EXISTS `s_role_menu_join`;
/*!40101 SET @saved_cs_client     = @@character_set_client */;
/*!40101 SET character_set_client = utf8 */;
CREATE TABLE `s_role_menu_join` (
  `id` int(11) NOT NULL AUTO_INCREMENT,
  `roleId` int(11) DEFAULT NULL,
  `menuId` int(11) DEFAULT NULL,
  `functionIdList` varchar(100) DEFAULT NULL,
  PRIMARY KEY (`id`)
) ENGINE=InnoDB AUTO_INCREMENT=150 DEFAULT CHARSET=utf8;
/*!40101 SET character_set_client = @saved_cs_client */;

--
-- Dumping data for table `s_role_menu_join`
--

LOCK TABLES `s_role_menu_join` WRITE;
/*!40000 ALTER TABLE `s_role_menu_join` DISABLE KEYS */;
INSERT INTO `s_role_menu_join` VALUES (29,1,46,'1;2;3'),(30,1,47,'1;2;3;6'),(31,2,47,'1;2;3;6'),(117,6,48,'1;2;3;6'),(118,6,50,'1;2;3'),(119,6,51,'1;2;3'),(120,6,55,'1;2;3'),(134,3,53,'1;2;3'),(135,3,54,'1;2;3'),(136,3,55,'1;2;3'),(137,3,57,'1;2;3;6'),(138,4,46,'1;2;3'),(139,4,47,'1;2;3;6'),(140,4,48,'1;2;3;6;7'),(141,4,49,'1;2;3'),(142,4,50,'1;2;3'),(143,4,51,'1;2;3'),(144,4,52,'1;2;3'),(145,4,53,'1;2;3'),(146,4,54,'1;2;3'),(147,4,55,'1;2;3'),(148,4,57,'1;2;3;6'),(149,4,62,'6');
/*!40000 ALTER TABLE `s_role_menu_join` ENABLE KEYS */;
UNLOCK TABLES;

--
-- Table structure for table `s_user`
--

DROP TABLE IF EXISTS `s_user`;
/*!40101 SET @saved_cs_client     = @@character_set_client */;
/*!40101 SET character_set_client = utf8 */;
CREATE TABLE `s_user` (
  `id` int(11) NOT NULL AUTO_INCREMENT,
  `username` varchar(20) NOT NULL COMMENT '用户名',
  `password` varchar(20) NOT NULL COMMENT '密码',
  `name` varchar(10) NOT NULL COMMENT '姓名',
  `idcard` varchar(18) NOT NULL COMMENT '身份证',
  `sex` varchar(2) DEFAULT NULL COMMENT '性别',
  `qq` varchar(15) DEFAULT NULL COMMENT 'QQ',
  `telephone` varchar(15) DEFAULT NULL COMMENT '电话',
  `birth` date DEFAULT NULL COMMENT '生日',
  `department` varchar(40) NOT NULL COMMENT '部门',
  `createDate` date DEFAULT NULL COMMENT '创建日期',
  `latestLoginDate` date DEFAULT NULL COMMENT '最后登录时间',
  `setting` varchar(500) DEFAULT NULL COMMENT '设置（用于涉及用户个人的设置）',
  `remark` text COMMENT '备注',
  PRIMARY KEY (`id`)
) ENGINE=InnoDB AUTO_INCREMENT=9 DEFAULT CHARSET=utf8;
/*!40101 SET character_set_client = @saved_cs_client */;

--
-- Dumping data for table `s_user`
--

LOCK TABLES `s_user` WRITE;
/*!40000 ALTER TABLE `s_user` DISABLE KEYS */;
INSERT INTO `s_user` VALUES (5,'123','benben','123','123','1','','123123','2013-06-14','123',NULL,NULL,NULL,''),(6,'admin','123456','匡静','430221199103102928','0','23423434','15575847473','2013-07-09','信息资源部',NULL,NULL,NULL,'ewt'),(7,'benben','benb','匡静','430221199103102928','0','646208563','15575847473','2013-04-10','嘻嘻',NULL,NULL,NULL,''),(8,'我叫测试','11111','sjakdjksa','430221199103102526','0','646208563','15575847475','2013-08-07','sdhs',NULL,NULL,NULL,'');
/*!40000 ALTER TABLE `s_user` ENABLE KEYS */;
UNLOCK TABLES;

--
-- Table structure for table `s_user_role_join`
--

DROP TABLE IF EXISTS `s_user_role_join`;
/*!40101 SET @saved_cs_client     = @@character_set_client */;
/*!40101 SET character_set_client = utf8 */;
CREATE TABLE `s_user_role_join` (
  `id` int(11) NOT NULL AUTO_INCREMENT,
  `userId` int(11) DEFAULT NULL,
  `roleId` int(11) DEFAULT NULL,
  PRIMARY KEY (`id`)
) ENGINE=InnoDB AUTO_INCREMENT=64 DEFAULT CHARSET=utf8;
/*!40101 SET character_set_client = @saved_cs_client */;

--
-- Dumping data for table `s_user_role_join`
--

LOCK TABLES `s_user_role_join` WRITE;
/*!40000 ALTER TABLE `s_user_role_join` DISABLE KEYS */;
INSERT INTO `s_user_role_join` VALUES (48,5,1),(49,5,3),(57,6,1),(58,6,3),(59,6,4),(60,8,2),(61,8,3),(62,8,1),(63,8,4);
/*!40000 ALTER TABLE `s_user_role_join` ENABLE KEYS */;
UNLOCK TABLES;

--
-- Temporary table structure for view `v_course_grade_subject`
--

DROP TABLE IF EXISTS `v_course_grade_subject`;
/*!50001 DROP VIEW IF EXISTS `v_course_grade_subject`*/;
SET @saved_cs_client     = @@character_set_client;
SET character_set_client = utf8;
/*!50001 CREATE TABLE `v_course_grade_subject` (
  `id` tinyint NOT NULL,
  `name` tinyint NOT NULL,
  `gradeId` tinyint NOT NULL,
  `gradeName` tinyint NOT NULL,
  `subjectId` tinyint NOT NULL,
  `subjectName` tinyint NOT NULL,
  `remark` tinyint NOT NULL
) ENGINE=MyISAM */;
SET character_set_client = @saved_cs_client;

--
-- Temporary table structure for view `v_role_menu`
--

DROP TABLE IF EXISTS `v_role_menu`;
/*!50001 DROP VIEW IF EXISTS `v_role_menu`*/;
SET @saved_cs_client     = @@character_set_client;
SET character_set_client = utf8;
/*!50001 CREATE TABLE `v_role_menu` (
  `roleId` tinyint NOT NULL,
  `roleName` tinyint NOT NULL,
  `menuId` tinyint NOT NULL,
  `parentId` tinyint NOT NULL,
  `parentName` tinyint NOT NULL,
  `menuName` tinyint NOT NULL,
  `url` tinyint NOT NULL,
  `functionIdList` tinyint NOT NULL,
  `icon` tinyint NOT NULL
) ENGINE=MyISAM */;
SET character_set_client = @saved_cs_client;

--
-- Temporary table structure for view `v_source`
--

DROP TABLE IF EXISTS `v_source`;
/*!50001 DROP VIEW IF EXISTS `v_source`*/;
SET @saved_cs_client     = @@character_set_client;
SET character_set_client = utf8;
/*!50001 CREATE TABLE `v_source` (
  `id` tinyint NOT NULL,
  `name` tinyint NOT NULL,
  `courseId` tinyint NOT NULL,
  `courseName` tinyint NOT NULL,
  `gradeId` tinyint NOT NULL,
  `gradeName` tinyint NOT NULL,
  `subjectId` tinyint NOT NULL,
  `subjectName` tinyint NOT NULL,
  `keyWords` tinyint NOT NULL,
  `mediaType` tinyint NOT NULL,
  `mediaFormat` tinyint NOT NULL,
  `playTime` tinyint NOT NULL,
  `fileSize` tinyint NOT NULL,
  `author` tinyint NOT NULL,
  `publisher` tinyint NOT NULL,
  `description` tinyint NOT NULL,
  `createDate` tinyint NOT NULL,
  `approvalStatus` tinyint NOT NULL,
  `quality` tinyint NOT NULL,
  `price` tinyint NOT NULL,
  `viewTimes` tinyint NOT NULL,
  `useTimes` tinyint NOT NULL,
  `url` tinyint NOT NULL,
  `createUserId` tinyint NOT NULL,
  `createUserName` tinyint NOT NULL,
  `categoryIdList` tinyint NOT NULL,
  `categoryNameList` tinyint NOT NULL
) ENGINE=MyISAM */;
SET character_set_client = @saved_cs_client;

--
-- Temporary table structure for view `v_topic_source`
--

DROP TABLE IF EXISTS `v_topic_source`;
/*!50001 DROP VIEW IF EXISTS `v_topic_source`*/;
SET @saved_cs_client     = @@character_set_client;
SET character_set_client = utf8;
/*!50001 CREATE TABLE `v_topic_source` (
  `id` tinyint NOT NULL,
  `sourceId` tinyint NOT NULL,
  `sourceName` tinyint NOT NULL,
  `courseId` tinyint NOT NULL,
  `keyWords` tinyint NOT NULL,
  `mediaType` tinyint NOT NULL,
  `mediaFormat` tinyint NOT NULL,
  `playTime` tinyint NOT NULL,
  `fileSize` tinyint NOT NULL,
  `sourceAuthor` tinyint NOT NULL,
  `publisher` tinyint NOT NULL,
  `sourceDescription` tinyint NOT NULL,
  `createDate` tinyint NOT NULL,
  `approvalStatus` tinyint NOT NULL,
  `quality` tinyint NOT NULL,
  `price` tinyint NOT NULL,
  `viewTimes` tinyint NOT NULL,
  `useTimes` tinyint NOT NULL,
  `url` tinyint NOT NULL,
  `createUserId` tinyint NOT NULL,
  `topicId` tinyint NOT NULL,
  `topicName` tinyint NOT NULL,
  `topicDescription` tinyint NOT NULL,
  `topicAuthor` tinyint NOT NULL,
  `remark` tinyint NOT NULL
) ENGINE=MyISAM */;
SET character_set_client = @saved_cs_client;

--
-- Temporary table structure for view `v_user_role`
--

DROP TABLE IF EXISTS `v_user_role`;
/*!50001 DROP VIEW IF EXISTS `v_user_role`*/;
SET @saved_cs_client     = @@character_set_client;
SET character_set_client = utf8;
/*!50001 CREATE TABLE `v_user_role` (
  `userId` tinyint NOT NULL,
  `username` tinyint NOT NULL,
  `password` tinyint NOT NULL,
  `realname` tinyint NOT NULL,
  `idcard` tinyint NOT NULL,
  `sex` tinyint NOT NULL,
  `qq` tinyint NOT NULL,
  `telephone` tinyint NOT NULL,
  `birth` tinyint NOT NULL,
  `department` tinyint NOT NULL,
  `roleId` tinyint NOT NULL,
  `rolename` tinyint NOT NULL
) ENGINE=MyISAM */;
SET character_set_client = @saved_cs_client;

--
-- Temporary table structure for view `v_user_role_menu`
--

DROP TABLE IF EXISTS `v_user_role_menu`;
/*!50001 DROP VIEW IF EXISTS `v_user_role_menu`*/;
SET @saved_cs_client     = @@character_set_client;
SET character_set_client = utf8;
/*!50001 CREATE TABLE `v_user_role_menu` (
  `roleId` tinyint NOT NULL,
  `menuId` tinyint NOT NULL,
  `functionIdList` tinyint NOT NULL,
  `userId` tinyint NOT NULL
) ENGINE=MyISAM */;
SET character_set_client = @saved_cs_client;

--
-- Final view structure for view `v_course_grade_subject`
--

/*!50001 DROP TABLE IF EXISTS `v_course_grade_subject`*/;
/*!50001 DROP VIEW IF EXISTS `v_course_grade_subject`*/;
/*!50001 SET @saved_cs_client          = @@character_set_client */;
/*!50001 SET @saved_cs_results         = @@character_set_results */;
/*!50001 SET @saved_col_connection     = @@collation_connection */;
/*!50001 SET character_set_client      = utf8 */;
/*!50001 SET character_set_results     = utf8 */;
/*!50001 SET collation_connection      = utf8_general_ci */;
/*!50001 CREATE ALGORITHM=UNDEFINED */
/*!50013 DEFINER=`root`@`localhost` SQL SECURITY DEFINER */
/*!50001 VIEW `v_course_grade_subject` AS select `t1`.`id` AS `id`,`t1`.`name` AS `name`,`t1`.`gradeId` AS `gradeId`,`t2`.`name` AS `gradeName`,`t1`.`subjectId` AS `subjectId`,`t3`.`name` AS `subjectName`,`t1`.`remark` AS `remark` from ((`r_course` `t1` join `r_grade` `t2` on((`t1`.`gradeId` = `t2`.`id`))) join `r_subject` `t3` on((`t1`.`subjectId` = `t3`.`id`))) */;
/*!50001 SET character_set_client      = @saved_cs_client */;
/*!50001 SET character_set_results     = @saved_cs_results */;
/*!50001 SET collation_connection      = @saved_col_connection */;

--
-- Final view structure for view `v_role_menu`
--

/*!50001 DROP TABLE IF EXISTS `v_role_menu`*/;
/*!50001 DROP VIEW IF EXISTS `v_role_menu`*/;
/*!50001 SET @saved_cs_client          = @@character_set_client */;
/*!50001 SET @saved_cs_results         = @@character_set_results */;
/*!50001 SET @saved_col_connection     = @@collation_connection */;
/*!50001 SET character_set_client      = utf8 */;
/*!50001 SET character_set_results     = utf8 */;
/*!50001 SET collation_connection      = utf8_general_ci */;
/*!50001 CREATE ALGORITHM=UNDEFINED */
/*!50013 DEFINER=`root`@`localhost` SQL SECURITY DEFINER */
/*!50001 VIEW `v_role_menu` AS select `t2`.`id` AS `roleId`,`t2`.`name` AS `roleName`,`t3`.`id` AS `menuId`,`t3`.`parentId` AS `parentId`,`t4`.`name` AS `parentName`,`t3`.`name` AS `menuName`,`t3`.`url` AS `url`,`t1`.`functionIdList` AS `functionIdList`,`t3`.`icon` AS `icon` from (((`s_role_menu_join` `t1` join `s_role` `t2` on((`t1`.`roleId` = `t2`.`id`))) join `s_menu` `t3` on((`t1`.`menuId` = `t3`.`id`))) join `s_menu` `t4` on((`t3`.`parentId` = `t4`.`id`))) */;
/*!50001 SET character_set_client      = @saved_cs_client */;
/*!50001 SET character_set_results     = @saved_cs_results */;
/*!50001 SET collation_connection      = @saved_col_connection */;

--
-- Final view structure for view `v_source`
--

/*!50001 DROP TABLE IF EXISTS `v_source`*/;
/*!50001 DROP VIEW IF EXISTS `v_source`*/;
/*!50001 SET @saved_cs_client          = @@character_set_client */;
/*!50001 SET @saved_cs_results         = @@character_set_results */;
/*!50001 SET @saved_col_connection     = @@collation_connection */;
/*!50001 SET character_set_client      = utf8 */;
/*!50001 SET character_set_results     = utf8 */;
/*!50001 SET collation_connection      = utf8_general_ci */;
/*!50001 CREATE ALGORITHM=UNDEFINED */
/*!50013 DEFINER=`root`@`localhost` SQL SECURITY DEFINER */
/*!50001 VIEW `v_source` AS select `t1`.`id` AS `id`,`t1`.`name` AS `name`,`t1`.`courseId` AS `courseId`,`t2`.`name` AS `courseName`,`t3`.`id` AS `gradeId`,`t3`.`name` AS `gradeName`,`t4`.`id` AS `subjectId`,`t4`.`name` AS `subjectName`,`t1`.`keyWords` AS `keyWords`,`t1`.`mediaType` AS `mediaType`,`t1`.`mediaFormat` AS `mediaFormat`,`t1`.`playTime` AS `playTime`,`t1`.`fileSize` AS `fileSize`,`t1`.`author` AS `author`,`t1`.`publisher` AS `publisher`,`t1`.`description` AS `description`,`t1`.`createDate` AS `createDate`,`t1`.`approvalStatus` AS `approvalStatus`,`t1`.`quality` AS `quality`,`t1`.`price` AS `price`,`t1`.`viewTimes` AS `viewTimes`,`t1`.`useTimes` AS `useTimes`,`t1`.`url` AS `url`,`t1`.`createUserId` AS `createUserId`,`t5`.`name` AS `createUserName`,group_concat(`t7`.`id` separator ',') AS `categoryIdList`,group_concat(`t7`.`name` separator ',') AS `categoryNameList` from ((((((`r_source` `t1` join `r_course` `t2` on((`t1`.`courseId` = `t2`.`id`))) join `r_grade` `t3` on((`t2`.`gradeId` = `t3`.`id`))) join `r_subject` `t4` on((`t2`.`subjectId` = `t4`.`id`))) join `s_user` `t5` on((`t1`.`createUserId` = `t5`.`id`))) join `r_source_category_join` `t6` on((`t1`.`id` = `t6`.`sourceId`))) join `r_category` `t7` on((`t7`.`id` = `t6`.`categoryId`))) group by `t6`.`sourceId` */;
/*!50001 SET character_set_client      = @saved_cs_client */;
/*!50001 SET character_set_results     = @saved_cs_results */;
/*!50001 SET collation_connection      = @saved_col_connection */;

--
-- Final view structure for view `v_topic_source`
--

/*!50001 DROP TABLE IF EXISTS `v_topic_source`*/;
/*!50001 DROP VIEW IF EXISTS `v_topic_source`*/;
/*!50001 SET @saved_cs_client          = @@character_set_client */;
/*!50001 SET @saved_cs_results         = @@character_set_results */;
/*!50001 SET @saved_col_connection     = @@collation_connection */;
/*!50001 SET character_set_client      = utf8 */;
/*!50001 SET character_set_results     = utf8 */;
/*!50001 SET collation_connection      = utf8_general_ci */;
/*!50001 CREATE ALGORITHM=UNDEFINED */
/*!50013 DEFINER=`root`@`localhost` SQL SECURITY DEFINER */
/*!50001 VIEW `v_topic_source` AS select `t3`.`id` AS `id`,`t1`.`id` AS `sourceId`,`t1`.`name` AS `sourceName`,`t1`.`courseId` AS `courseId`,`t1`.`keyWords` AS `keyWords`,`t1`.`mediaType` AS `mediaType`,`t1`.`mediaFormat` AS `mediaFormat`,`t1`.`playTime` AS `playTime`,`t1`.`fileSize` AS `fileSize`,`t1`.`author` AS `sourceAuthor`,`t1`.`publisher` AS `publisher`,`t1`.`description` AS `sourceDescription`,`t1`.`createDate` AS `createDate`,`t1`.`approvalStatus` AS `approvalStatus`,`t1`.`quality` AS `quality`,`t1`.`price` AS `price`,`t1`.`viewTimes` AS `viewTimes`,`t1`.`useTimes` AS `useTimes`,`t1`.`url` AS `url`,`t1`.`createUserId` AS `createUserId`,`t2`.`id` AS `topicId`,`t2`.`name` AS `topicName`,`t2`.`description` AS `topicDescription`,`t2`.`author` AS `topicAuthor`,`t2`.`remark` AS `remark` from ((`r_topic_source_join` `t3` join `r_topic` `t2` on((`t3`.`topicId` = `t2`.`id`))) join `r_source` `t1` on((`t3`.`sourceID` = `t1`.`id`))) */;
/*!50001 SET character_set_client      = @saved_cs_client */;
/*!50001 SET character_set_results     = @saved_cs_results */;
/*!50001 SET collation_connection      = @saved_col_connection */;

--
-- Final view structure for view `v_user_role`
--

/*!50001 DROP TABLE IF EXISTS `v_user_role`*/;
/*!50001 DROP VIEW IF EXISTS `v_user_role`*/;
/*!50001 SET @saved_cs_client          = @@character_set_client */;
/*!50001 SET @saved_cs_results         = @@character_set_results */;
/*!50001 SET @saved_col_connection     = @@collation_connection */;
/*!50001 SET character_set_client      = utf8 */;
/*!50001 SET character_set_results     = utf8 */;
/*!50001 SET collation_connection      = utf8_general_ci */;
/*!50001 CREATE ALGORITHM=UNDEFINED */
/*!50013 DEFINER=`root`@`localhost` SQL SECURITY DEFINER */
/*!50001 VIEW `v_user_role` AS select `s_user`.`id` AS `userId`,`s_user`.`username` AS `username`,`s_user`.`password` AS `password`,`s_user`.`name` AS `realname`,`s_user`.`idcard` AS `idcard`,`s_user`.`sex` AS `sex`,`s_user`.`qq` AS `qq`,`s_user`.`telephone` AS `telephone`,`s_user`.`birth` AS `birth`,`s_user`.`department` AS `department`,`s_role`.`id` AS `roleId`,`s_role`.`name` AS `rolename` from ((`s_user` join `s_role`) join `s_user_role_join`) where ((`s_user`.`id` = `s_user_role_join`.`userId`) and (`s_role`.`id` = `s_user_role_join`.`roleId`)) */;
/*!50001 SET character_set_client      = @saved_cs_client */;
/*!50001 SET character_set_results     = @saved_cs_results */;
/*!50001 SET collation_connection      = @saved_col_connection */;

--
-- Final view structure for view `v_user_role_menu`
--

/*!50001 DROP TABLE IF EXISTS `v_user_role_menu`*/;
/*!50001 DROP VIEW IF EXISTS `v_user_role_menu`*/;
/*!50001 SET @saved_cs_client          = @@character_set_client */;
/*!50001 SET @saved_cs_results         = @@character_set_results */;
/*!50001 SET @saved_col_connection     = @@collation_connection */;
/*!50001 SET character_set_client      = utf8 */;
/*!50001 SET character_set_results     = utf8 */;
/*!50001 SET collation_connection      = utf8_general_ci */;
/*!50001 CREATE ALGORITHM=UNDEFINED */
/*!50013 DEFINER=`root`@`localhost` SQL SECURITY DEFINER */
/*!50001 VIEW `v_user_role_menu` AS select `t2`.`id` AS `roleId`,`t1`.`menuId` AS `menuId`,`t1`.`functionIdList` AS `functionIdList`,`t5`.`id` AS `userId` from (((`s_role_menu_join` `t1` join `s_role` `t2` on((`t1`.`roleId` = `t2`.`id`))) join `s_user_role_join` `t4` on((`t2`.`id` = `t4`.`roleId`))) join `s_user` `t5` on((`t4`.`userId` = `t5`.`id`))) */;
/*!50001 SET character_set_client      = @saved_cs_client */;
/*!50001 SET character_set_results     = @saved_cs_results */;
/*!50001 SET collation_connection      = @saved_col_connection */;
/*!40103 SET TIME_ZONE=@OLD_TIME_ZONE */;

/*!40101 SET SQL_MODE=@OLD_SQL_MODE */;
/*!40014 SET FOREIGN_KEY_CHECKS=@OLD_FOREIGN_KEY_CHECKS */;
/*!40014 SET UNIQUE_CHECKS=@OLD_UNIQUE_CHECKS */;
/*!40101 SET CHARACTER_SET_CLIENT=@OLD_CHARACTER_SET_CLIENT */;
/*!40101 SET CHARACTER_SET_RESULTS=@OLD_CHARACTER_SET_RESULTS */;
/*!40101 SET COLLATION_CONNECTION=@OLD_COLLATION_CONNECTION */;
/*!40111 SET SQL_NOTES=@OLD_SQL_NOTES */;

-- Dump completed on 2013-09-16 21:13:09
